Athlete,Event,Mark,Date
Eli Aaronson,60 Hurdles,DNF,"Dec  2- 3, 2022"
Eli Aaronson,110 Hurdles,19.43,"Apr 15, 2022"
Eli Aaronson,110 Hurdles,19.25,"Apr  9, 2022"
Eli Aaronson,High Jump,1.86m,"Feb 17, 2023"
Eli Aaronson,High Jump,1.86m,"Feb 11, 2023"
Eli Aaronson,High Jump,1.79m,"Feb  3- 4, 2023"
Eli Aaronson,High Jump,1.87m,"Jan 28, 2023"
Eli Aaronson,High Jump,1.85m,"Jan 21, 2023"
Eli Aaronson,High Jump,NH,"Jan 21, 2023"
Eli Aaronson,High Jump,1.80m,"Jan 14, 2023"
Eli Aaronson,High Jump,1.85m,"Dec  2- 3, 2022"
Eli Aaronson,High Jump,1.79m,"Feb 18, 2022"
Eli Aaronson,High Jump,1.83m,"Jan 22, 2022"
Eli Aaronson,High Jump,1.80m,"Jan 15, 2022"
Eli Aaronson,High Jump,1.85m,"Dec  3- 4, 2021"
Eli Aaronson,High Jump,1.80m,"Feb 27, 2021"
Eli Aaronson,High Jump,1.85m,"Feb 21, 2021"
Thomas Arnold,800 Meters,2:01.08,"Apr  7- 8, 2023"
Thomas Arnold,800 Meters,2:03.90,"Mar 24-25, 2023"
Thomas Arnold,1000 Meters,2:37.08,"Feb  3- 4, 2023"
Thomas Arnold,1500 Meters,4:02.80,"Apr 14-16, 2023"
Thomas Arnold,1500 Meters,4:06.78,"Apr  7- 8, 2023"
Thomas Arnold,1500 Meters,4:10.39,"Mar 24-25, 2023"
Thomas Arnold,Mile,4:25.38,"Feb 17, 2023"
Thomas Arnold,Mile,4:25.90,"Feb 11, 2023"
Thomas Arnold,Mile,4:27.20,"Jan 21, 2023"
Thomas Arnold,3000 Meters,8:48.87,"Apr 14-16, 2023"
Thomas Arnold,4 x 800 Relay,8:04.23,"Jan 28, 2023"
Thomas Arnold,4 x 800 Relay,8:19.65,"Dec  2- 3, 2022"
Thomas Arnold,6k,20:22.5,"Oct 21, 2022"
Thomas Arnold,6k,20:24.1,"Sep  2, 2022"
Thomas Arnold,8k,27:40.9,"Oct 14, 2022"
Thomas Arnold,8k,27:13.2,"Sep 30, 2022"
Thomas Arnold,4.97 Mile,27:42.4,"Sep 16, 2022"
Kerem Ayhan,200 Meters,23.62,"Jan 11, 2020"
Kerem Ayhan,400 Meters,50.76,"Feb  3- 4, 2023"
Kerem Ayhan,400 Meters,52.67,"Feb 29-Mar  1, 2020"
Kerem Ayhan,400 Meters,51.41,"Feb 21, 2020"
Kerem Ayhan,400 Meters,52.40,"Feb 14-15, 2020"
Kerem Ayhan,400 Meters,51.98,"Jan 25, 2020"
Kerem Ayhan,400 Meters,52.26,"Jan 11, 2020"
Kerem Ayhan,500 Meters,1:06.52,"Feb  7, 2020"
Kerem Ayhan,800 Meters,1:52.16,"Mar  3- 5, 2023"
Kerem Ayhan,800 Meters,1:50.18,"Mar  3- 5, 2023"
Kerem Ayhan,800 Meters,1:52.37,"Feb 25-26, 2023"
Kerem Ayhan,800 Meters,1:53.02,"Feb 25-26, 2023"
Kerem Ayhan,800 Meters,1:52.67,"Feb 11, 2023"
Kerem Ayhan,800 Meters,1:53.19,"Feb  3- 4, 2023"
Kerem Ayhan,800 Meters,1:53.50,"Jan 28, 2023"
Kerem Ayhan,800 Meters,1:56.25,"Feb 18, 2022"
Kerem Ayhan,800 Meters,1:56.04,"Feb 11-12, 2022"
Kerem Ayhan,800 Meters,DNS,"Dec  3- 4, 2021"
Kerem Ayhan,1000 Meters,2:24.41,"Jan 21, 2023"
Kerem Ayhan,4 x 400 Relay,3:18.62,"Feb 11, 2023"
Kerem Ayhan,4 x 400 Relay,3:23.97,"Jan 28, 2023"
Kerem Ayhan,4 x 400 Relay,3:24.01,"Jan 21, 2023"
Kerem Ayhan,4 x 400 Relay,DNS,"Jan 14, 2023"
Kerem Ayhan,4 x 400 Relay,3:25.32,"Feb 18, 2022"
Kerem Ayhan,4 x 400 Relay,3:27.11,"Feb 11-12, 2022"
Kerem Ayhan,4 x 400 Relay,3:25.91,"Feb 29-Mar  1, 2020"
Kerem Ayhan,4 x 400 Relay,3:36.44,"Feb 14-15, 2020"
Kerem Ayhan,4 x 400 Relay,3:25.68,"Feb  7, 2020"
Kerem Ayhan,4 x 400 Relay,3:25.70,"Jan 18, 2020"
Kerem Ayhan,4 x 400 Relay,3:29.27,"Jan 11, 2020"
Kerem Ayhan,4 x 800 Relay,8:21.10,"Dec  2- 3, 2022"
Kerem Ayhan,4 x 800 Relay,7:37.69,"Feb 26-27, 2022"
Kerem Ayhan,Distance Medley Relay,10:12.75,"Feb 25-26, 2023"
Kerem Ayhan,Distance Medley Relay,9:59.17,"Feb 26-27, 2022"
Kerem Ayhan,4k,12:50.4,"Oct 21, 2022"
Kerem Ayhan,6k,20:08.3,"Sep  2, 2022"
Kerem Ayhan,8k,26:50.6,"Sep 30, 2022"
Adam Barbato,800 Meters,2:02.85,"Mar 24-25, 2023"
Adam Barbato,1500 Meters,4:06.90,"Mar 24-25, 2023"
Adam Barbato,Mile,4:26.75,"Feb 17, 2023"
Adam Barbato,Mile,4:29.92,"Jan 14, 2023"
Adam Barbato,3000 Meters,8:38.65,"Feb 11, 2023"
Adam Barbato,3000 Meters,8:44.87,"Jan 28, 2023"
Adam Barbato,3000 Meters,8:42.40,"Jan 21, 2023"
Adam Barbato,5000 Meters,15:01.56,"Feb  3- 4, 2023"
Adam Barbato,3000 Steeplechase,9:28.19,"Apr  7- 8, 2023"
Adam Barbato,4 x 400 Relay,3:30.51,"Mar 24-25, 2023"
Adam Barbato,4 x 800 Relay,8:19.65,"Dec  2- 3, 2022"
Adam Barbato,6k,19:09.1,"Sep  2, 2022"
Adam Barbato,8.05k,26:46.2,"Oct 29, 2022"
Adam Barbato,10k,33:14.9,"Nov 11, 2022"
Adam Barbato,5.2 Mile,28:17.3,"Oct 14, 2022"
Carter Bartz,Pole Vault,4.60m,"Mar  3- 5, 2023"
Carter Bartz,Pole Vault,4.70m,"Feb 25-26, 2023"
Carter Bartz,Pole Vault,4.75m,"Feb 17, 2023"
Carter Bartz,Pole Vault,4.45m,"Feb 11, 2023"
Carter Bartz,Pole Vault,4.65m,"Feb  3- 4, 2023"
Carter Bartz,Pole Vault,4.68m,"Jan 28, 2023"
Carter Bartz,Pole Vault,4.45m,"Jan 21, 2023"
Carter Bartz,Pole Vault,4.56m,"Jan 14, 2023"
Carter Bartz,Pole Vault,4.55m,"Dec  2- 3, 2022"
Jonathan Bennett,60 Meters,6.94,"Feb 26-27, 2022"
Jonathan Bennett,60 Meters,6.95,"Feb 26-27, 2022"
Jonathan Bennett,60 Meters,7.03,"Feb 11-12, 2022"
Jonathan Bennett,60 Meters,7.06,"Feb 11-12, 2022"
Jonathan Bennett,60 Meters,7.10,"Feb 11-12, 2022"
Jonathan Bennett,60 Meters,6.95,"Jan 29, 2022"
Jonathan Bennett,60 Meters,7.16,"Jan 15, 2022"
Jonathan Bennett,100 Meters,11.44,"Apr  9, 2022"
Jonathan Bennett,100 Meters,10.78,"Mar 19, 2022"
Jonathan Bennett,200 Meters,23.08,"Feb 18, 2022"
Jonathan Bennett,200 Meters,22.49,"Feb  4- 5, 2022"
Jonathan Bennett,200 Meters,22.84,"Jan 29, 2022"
Jonathan Bennett,200 Meters,22.32,"Jan 22, 2022"
Jonathan Bennett,200 Meters,DNS,"Dec  3- 4, 2021"
Jonathan Bennett,60 Hurdles,8.07,"Feb 26-27, 2022"
Jonathan Bennett,60 Hurdles,8.16,"Feb 26-27, 2022"
Jonathan Bennett,60 Hurdles,8.17,"Feb 18, 2022"
Jonathan Bennett,60 Hurdles,8.37,"Feb 18, 2022"
Jonathan Bennett,60 Hurdles,8.12,"Feb 11-12, 2022"
Jonathan Bennett,60 Hurdles,8.24,"Feb 11-12, 2022"
Jonathan Bennett,60 Hurdles,8.25,"Feb  4- 5, 2022"
Jonathan Bennett,60 Hurdles,8.18,"Jan 29, 2022"
Jonathan Bennett,60 Hurdles,8.24,"Jan 22, 2022"
Jonathan Bennett,60 Hurdles,8.25,"Jan 22, 2022"
Jonathan Bennett,60 Hurdles,8.30,"Jan 15, 2022"
Jonathan Bennett,60 Hurdles,8.29,"Dec  3- 4, 2021"
Jonathan Bennett,60 Hurdles,8.30,"Dec  3- 4, 2021"
Jonathan Bennett,110 Hurdles,14.70,"Apr  9, 2022"
Jonathan Bennett,110 Hurdles,14.39,"Apr  2, 2022"
Jonathan Bennett,110 Hurdles,14.46,"Mar 26, 2022"
Jonathan Bennett,110 Hurdles,14.55,"Mar 19, 2022"
Jonathan Bennett,4 x 100 Relay,43.27,"Apr  9, 2022"
Jonathan Bennett,4 x 100 Relay,44.34,"Apr  2, 2022"
Jonathan Bennett,4 x 100 Relay,43.58,"Mar 26, 2022"
Jalen Blango,Long Jump,6.17m,"Feb 25-26, 2023"
Jalen Blango,Long Jump,6.52m,"Feb 17, 2023"
Jalen Blango,Long Jump,6.13m,"Feb 11, 2023"
Jalen Blango,Long Jump,6.18m,"Feb  3- 4, 2023"
Jalen Blango,Long Jump,NM,"Jan 21, 2023"
Jalen Blango,Long Jump,5.84m,"Jan 14, 2023"
Jalen Blango,Long Jump,6.10m,"Dec  2- 3, 2022"
Jalen Blango,Long Jump,6.31m,"Feb 18, 2022"
Jalen Blango,Long Jump,6.11m,"Feb 11-12, 2022"
Jalen Blango,Long Jump,5.88m,"Jan 22, 2022"
Jalen Blango,Long Jump,6.18m,"Jan 15, 2022"
Jalen Blango,Long Jump,5.75m,"Dec  3- 4, 2021"
Jalen Blango,Triple Jump,11.89m,"Feb 25-26, 2023"
Jalen Blango,Triple Jump,12.33m,"Feb 17, 2023"
Jalen Blango,Triple Jump,12.38m,"Feb 11, 2023"
Jalen Blango,Triple Jump,NM,"Jan 21, 2023"
Jalen Blango,Triple Jump,NM,"Jan 14, 2023"
Jalen Blango,Triple Jump,11.90m,"Dec  2- 3, 2022"
Jalen Blango,Triple Jump,NM,"Jan 22, 2022"
Jalen Blango,Triple Jump,12.23m,"Jan 15, 2022"
Jalen Blango,Triple Jump,11.78m,"Dec  3- 4, 2021"
Henry Burd,800 Meters,2:01.25,"Jan 21, 2023"
Henry Burd,1500 Meters,DNS,"Apr  7- 8, 2023"
Henry Burd,1500 Meters,4:07.81,"Mar 24-25, 2023"
Henry Burd,Mile,4:28.61,"Feb 17, 2023"
Henry Burd,Mile,4:28.97,"Jan 14, 2023"
Henry Burd,3000 Meters,8:50.61,"Feb 11, 2023"
Henry Burd,3000 Meters,8:46.37,"Feb  3- 4, 2023"
Henry Burd,3000 Steeplechase,9:55.42,"Apr  1, 2023"
Henry Burd,4 x 400 Relay,3:29.09,"Apr  7- 8, 2023"
Henry Burd,4 x 400 Relay,3:30.51,"Mar 24-25, 2023"
Henry Burd,4 x 800 Relay,8:04.23,"Jan 28, 2023"
Henry Burd,4 x 800 Relay,8:03.24,"Dec  2- 3, 2022"
Henry Burd,Distance Medley Relay,10:52.52,"Jan 21, 2023"
Henry Burd,6k,20:25.5,"Oct 21, 2022"
Jack Bush,100 Meters,11.91,"Apr  7- 8, 2023"
Jack Bush,100 Meters,11.59,"Apr  1, 2023"
Jack Bush,100 Meters,11.56,"Mar 24-25, 2023"
Jack Bush,200 Meters,23.49,"Feb 17, 2023"
Jack Bush,200 Meters,23.58,"Feb 11, 2023"
Jack Bush,200 Meters,23.94,"Jan 21, 2023"
Jack Bush,400 Meters,52.78,"Feb 17, 2023"
Jack Bush,400 Meters,53.26,"Feb 11, 2023"
Jack Bush,400 Meters,53.54,"Jan 28, 2023"
Jack Bush,400 Meters,54.70,"Jan 21, 2023"
Jack Bush,4 x 400 Relay,3:31.09,"Apr 14-16, 2023"
Jack Bush,4 x 400 Relay,3:25.13,"Apr  1, 2023"
Jack Bush,Long Jump,NM,"Jan 21, 2023"
Liam Campiglia,60 Meters,7.87,"Jan 21, 2023"
Liam Campiglia,60 Meters,7.96,"Jan 14, 2023"
Liam Campiglia,200 Meters,25.97,"Jan 21, 2023"
Liam Campiglia,Shot Put,9.47m,"Dec  3- 4, 2021"
Liam Campiglia,Discus,28.36m,"Apr 29-30, 2022"
Liam Campiglia,Javelin,45.60m,"May  6- 7, 2022"
Liam Campiglia,Javelin,51.07m,"Apr 29-30, 2022"
Liam Campiglia,Javelin,49.37m,"Apr 23, 2022"
Liam Campiglia,Javelin,49.01m,"Apr 15, 2022"
Liam Campiglia,Javelin,44.62m,"Apr  9, 2022"
Liam Campiglia,Javelin,47.12m,"Apr  2, 2022"
Liam Campiglia,Javelin,44.82m,"Mar 26, 2022"
Alex Clevenger,Shot Put,15.60m,"Mar  3- 5, 2023"
Alex Clevenger,Shot Put,15.89m,"Feb 25-26, 2023"
Alex Clevenger,Shot Put,16.19m,"Feb 11, 2023"
Alex Clevenger,Shot Put,15.19m,"Feb  3- 4, 2023"
Alex Clevenger,Shot Put,16.16m,"Jan 28, 2023"
Alex Clevenger,Shot Put,14.62m,"Jan 21, 2023"
Alex Clevenger,Shot Put,15.11m,"Jan 14, 2023"
Alex Clevenger,Shot Put,14.72m,"Dec  2- 3, 2022"
Alex Clevenger,Shot Put,15.31m,"Feb 26-27, 2022"
Alex Clevenger,Shot Put,13.19m,"Feb 18, 2022"
Alex Clevenger,Shot Put,14.10m,"Feb 11-12, 2022"
Alex Clevenger,Shot Put,13.62m,"Feb  4- 5, 2022"
Alex Clevenger,Shot Put,12.97m,"Dec  3- 4, 2021"
Alex Clevenger,Discus,41.59m,"Apr 14-16, 2023"
Alex Clevenger,Discus,42.27m,"Apr  7- 8, 2023"
Alex Clevenger,Discus,35.83m,"May  6- 7, 2022"
Alex Clevenger,Discus,36.94m,"Apr 29-30, 2022"
Alex Clevenger,Discus,40.13m,"Apr 23, 2022"
Alex Clevenger,Discus,37.07m,"Apr 15, 2022"
Quinn Conlan,Shot Put,11.35m,"Feb 21, 2021"
Quinn Conlan,Discus,38.00m,"Apr  7- 8, 2023"
Quinn Conlan,Discus,35.62m,"Mar 24-25, 2023"
Quinn Conlan,Discus,38.51m,"Apr 29-30, 2022"
Quinn Conlan,Discus,FOUL,"Apr 23, 2022"
Quinn Conlan,Discus,36.82m,"Apr 15, 2022"
Quinn Conlan,Discus,NM,"Apr  9, 2022"
Quinn Conlan,Discus,FOUL,"May 14-16, 2021"
Quinn Conlan,Discus,45.30m,"May  6, 2021"
Quinn Conlan,Discus,43.81m,"Apr 30-May  1, 2021"
Quinn Conlan,Discus,36.94m,"Apr 24, 2021"
Quinn Conlan,Discus,39.62m,"Apr 17, 2021"
Quinn Conlan,Discus,39.36m,"Apr 11, 2021"
Quinn Conlan,Discus,42.28m,"Apr  3, 2021"
Quinn Conlan,Discus,41.06m,"Mar 27, 2021"
Quinn Conlan,Discus,40.94m,"Mar 21, 2021"
Quinn Conlan,Hammer,42.85m,"Apr  7- 8, 2023"
Quinn Conlan,Hammer,FOUL,"Mar 24-25, 2023"
Quinn Conlan,Hammer,42.41m,"Apr 29-30, 2022"
Quinn Conlan,Hammer,41.67m,"Apr 23, 2022"
Quinn Conlan,Hammer,39.09m,"Apr  9, 2022"
Quinn Conlan,Hammer,NM,"Apr 24, 2021"
Quinn Conlan,Hammer,36.91m,"Apr  3, 2021"
Quinn Conlan,Hammer,32.16m,"Mar 27, 2021"
Quinn Conlan,Hammer,36.14m,"Mar 21, 2021"
Quinn Conlan,Weight Throw,15.69m,"Feb 25-26, 2023"
Quinn Conlan,Weight Throw,15.13m,"Feb 19, 2023"
Quinn Conlan,Weight Throw,16.21m,"Feb 11, 2023"
Quinn Conlan,Weight Throw,16.58m,"Jan 28, 2023"
Quinn Conlan,Weight Throw,15.25m,"Jan 21, 2023"
Quinn Conlan,Weight Throw,15.85m,"Jan 14, 2023"
Quinn Conlan,Weight Throw,15.38m,"Dec  2- 3, 2022"
Quinn Conlan,Weight Throw,15.42m,"Feb 26-27, 2022"
Quinn Conlan,Weight Throw,15.71m,"Feb 18, 2022"
Quinn Conlan,Weight Throw,15.15m,"Feb 11-12, 2022"
Quinn Conlan,Weight Throw,15.05m,"Jan 29, 2022"
Quinn Conlan,Weight Throw,15.07m,"Jan 15, 2022"
Quinn Conlan,Weight Throw,NM,"Dec  3- 4, 2021"
Quinn Conlan,Weight Throw,13.54m,"Feb 27, 2021"
Quinn Conlan,Weight Throw,13.01m,"Feb 21, 2021"
Quinn Conlan,Weight Throw,11.58m,"Feb 14-15, 2020"
Quinn Conlan,Weight Throw,12.02m,"Feb  7, 2020"
Quinn Conlan,Weight Throw,11.19m,"Jan 18, 2020"
Quinn Conlan,Weight Throw,11.18m,"Jan 11, 2020"
Quinn Conlan,Weight Throw,10.51m,"Dec  6- 7, 2019"
Quinn Conlan,Javelin,DNS,"Apr  3, 2021"
Quinn Conlan,Javelin,36.20m,"Mar 27, 2021"
Quinn Conlan,Javelin,37.59m,"Mar 21, 2021"
Douglas Cooke,200 Meters,23.36,"Dec  2- 3, 2022"
Douglas Cooke,200 Meters,24.18,"Feb 21, 2021"
Douglas Cooke,400 Meters,50.75,"Feb  3- 4, 2023"
Douglas Cooke,400 Meters,52.58,"Jan 28, 2023"
Douglas Cooke,400 Meters,51.22,"Jan 21, 2023"
Douglas Cooke,400 Meters,51.37,"Dec  2- 3, 2022"
Douglas Cooke,400 Meters,51.45,"Feb 26-27, 2022"
Douglas Cooke,400 Meters,52.23,"Feb 18, 2022"
Douglas Cooke,400 Meters,DNS,"Jan 15, 2022"
Douglas Cooke,400 Meters,53.51,"Feb 27, 2021"
Douglas Cooke,400 Meters,52.41,"Dec  6- 7, 2019"
Douglas Cooke,4 x 100 Relay,44.70,"May  6- 7, 2022"
Douglas Cooke,4 x 100 Relay,43.80,"Apr 28-30, 2022"
Douglas Cooke,4 x 400 Relay,3:24.01,"Jan 21, 2023"
Douglas Cooke,4 x 400 Relay,DNS,"Dec  2- 3, 2022"
Douglas Cooke,4 x 400 Relay,3:25.16,"Feb 26-27, 2022"
Douglas Cooke,4 x 400 Relay,3:25.32,"Feb 18, 2022"
Douglas Cooke,4 x 400 Relay,3:25.68,"Feb  7, 2020"
Douglas Cooke,4 x 400 Relay,3:26.39,"Feb  1, 2020"
Douglas Cooke,4 x 400 Relay,3:27.96,"Jan 25, 2020"
Douglas Cooke,High Jump,1.80m,"Dec  3- 4, 2021"
Douglas Cooke,High Jump,1.85m,"Feb 27, 2021"
Douglas Cooke,High Jump,1.80m,"Feb 21, 2021"
Douglas Cooke,High Jump,1.80m,"Feb 21, 2020"
Douglas Cooke,High Jump,1.80m,"Feb 14-15, 2020"
Douglas Cooke,High Jump,NH,"Feb  7, 2020"
Douglas Cooke,High Jump,1.85m,"Jan 18, 2020"
Douglas Cooke,High Jump,1.85m,"Jan 11, 2020"
Douglas Cooke,High Jump,1.85m,"Dec  6- 7, 2019"
Gideon Coprivnicar,60 Meters,7.45,"Feb 25-26, 2023"
Gideon Coprivnicar,60 Meters,7.60,"Dec  2- 3, 2022"
Gideon Coprivnicar,60 Meters,7.40,"Feb 26-27, 2022"
Gideon Coprivnicar,60 Meters,7.46,"Feb  4- 5, 2022"
Gideon Coprivnicar,60 Meters,7.50,"Dec  3- 4, 2021"
Gideon Coprivnicar,100 Meters,11.66,"Apr 14-16, 2023"
Gideon Coprivnicar,100 Meters,11.58,"May  6- 7, 2022"
Gideon Coprivnicar,100 Meters,11.56,"Apr 14-16, 2022"
Gideon Coprivnicar,200 Meters,24.12,"Feb 11, 2023"
Gideon Coprivnicar,400 Meters,53.38,"Apr 14-16, 2023"
Gideon Coprivnicar,400 Meters,53.14,"Apr  7- 8, 2023"
Gideon Coprivnicar,400 Meters,55.25,"Mar 24-25, 2023"
Gideon Coprivnicar,400 Meters,54.66,"May  6- 7, 2022"
Gideon Coprivnicar,400 Meters,53.28,"Apr 14-16, 2022"
Gideon Coprivnicar,1000 Meters,3:07.39,"Feb 25-26, 2023"
Gideon Coprivnicar,1000 Meters,3:08.58,"Dec  2- 3, 2022"
Gideon Coprivnicar,1000 Meters,3:12.62,"Feb 26-27, 2022"
Gideon Coprivnicar,1000 Meters,3:08.60,"Feb  4- 5, 2022"
Gideon Coprivnicar,1000 Meters,DNS,"Dec  3- 4, 2021"
Gideon Coprivnicar,1500 Meters,5:00.26,"Apr 14-16, 2023"
Gideon Coprivnicar,1500 Meters,5:14.05,"May  6- 7, 2022"
Gideon Coprivnicar,1500 Meters,5:15.43,"Apr 14-16, 2022"
Gideon Coprivnicar,60 Hurdles,8.84,"Feb 11, 2023"
Gideon Coprivnicar,60 Hurdles,8.64,"Feb  3- 4, 2023"
Gideon Coprivnicar,60 Hurdles,8.91,"Jan 28, 2023"
Gideon Coprivnicar,60 Hurdles,FS,"Jan 21, 2023"
Gideon Coprivnicar,60 Hurdles,8.97,"Jan 14, 2023"
Gideon Coprivnicar,60 Hurdles,9.00,"Dec  2- 3, 2022"
Gideon Coprivnicar,60 Hurdles,9.24,"Feb 18, 2022"
Gideon Coprivnicar,60 Hurdles,8.92,"Jan 22, 2022"
Gideon Coprivnicar,60 Hurdles,9.06,"Jan 15, 2022"
Gideon Coprivnicar,60 Hurdles,DNS,"Dec  3- 4, 2021"
Gideon Coprivnicar,110 Hurdles,16.09,"Apr 14-16, 2023"
Gideon Coprivnicar,110 Hurdles,16.19,"Apr  1, 2023"
Gideon Coprivnicar,110 Hurdles,16.21,"Mar 24-25, 2023"
Gideon Coprivnicar,110 Hurdles,15.98,"May  6- 7, 2022"
Gideon Coprivnicar,110 Hurdles,15.89,"Apr 29-30, 2022"
Gideon Coprivnicar,110 Hurdles,15.96,"Apr 23, 2022"
Gideon Coprivnicar,110 Hurdles,16.53,"Apr 14-16, 2022"
Gideon Coprivnicar,110 Hurdles,17.31,"Apr  9, 2022"
Gideon Coprivnicar,110 Hurdles,16.90,"Apr  2, 2022"
Gideon Coprivnicar,110 Hurdles,16.54,"Mar 26, 2022"
Gideon Coprivnicar,4 x 400 Relay,3:38.11,"Jan 14, 2023"
Gideon Coprivnicar,High Jump,1.82m,"Feb 25-26, 2023"
Gideon Coprivnicar,High Jump,1.76m,"Feb 17, 2023"
Gideon Coprivnicar,High Jump,1.80m,"Jan 14, 2023"
Gideon Coprivnicar,High Jump,1.79m,"Dec  2- 3, 2022"
Gideon Coprivnicar,High Jump,1.76m,"Feb 26-27, 2022"
Gideon Coprivnicar,High Jump,1.70m,"Feb  4- 5, 2022"
Gideon Coprivnicar,High Jump,1.70m,"Jan 15, 2022"
Gideon Coprivnicar,High Jump,NH,"Dec  3- 4, 2021"
Gideon Coprivnicar,Pole Vault,NH,"Feb 25-26, 2023"
Gideon Coprivnicar,Pole Vault,4.00m,"Feb 17, 2023"
Gideon Coprivnicar,Pole Vault,4.10m,"Feb  3- 4, 2023"
Gideon Coprivnicar,Pole Vault,3.96m,"Jan 21, 2023"
Gideon Coprivnicar,Pole Vault,3.96m,"Jan 14, 2023"
Gideon Coprivnicar,Pole Vault,4.03m,"Dec  2- 3, 2022"
Gideon Coprivnicar,Pole Vault,NH,"Feb 26-27, 2022"
Gideon Coprivnicar,Pole Vault,3.75m,"Feb 18, 2022"
Gideon Coprivnicar,Pole Vault,3.50m,"Feb 11-12, 2022"
Gideon Coprivnicar,Pole Vault,3.50m,"Feb  4- 5, 2022"
Gideon Coprivnicar,Pole Vault,3.21m,"Jan 22, 2022"
Gideon Coprivnicar,Pole Vault,3.20m,"Jan 15, 2022"
Gideon Coprivnicar,Pole Vault,NH,"Dec  3- 4, 2021"
Gideon Coprivnicar,Long Jump,6.02m,"Feb 25-26, 2023"
Gideon Coprivnicar,Long Jump,6.11m,"Feb 11, 2023"
Gideon Coprivnicar,Long Jump,6.21m,"Jan 28, 2023"
Gideon Coprivnicar,Long Jump,6.15m,"Jan 21, 2023"
Gideon Coprivnicar,Long Jump,6.29m,"Dec  2- 3, 2022"
Gideon Coprivnicar,Long Jump,6.08m,"Feb 26-27, 2022"
Gideon Coprivnicar,Long Jump,5.85m,"Feb  4- 5, 2022"
Gideon Coprivnicar,Long Jump,5.88m,"Jan 29, 2022"
Gideon Coprivnicar,Long Jump,5.68m,"Jan 22, 2022"
Gideon Coprivnicar,Long Jump,5.42m,"Dec  3- 4, 2021"
Gideon Coprivnicar,Shot Put,10.06m,"Feb 25-26, 2023"
Gideon Coprivnicar,Shot Put,9.89m,"Feb 17, 2023"
Gideon Coprivnicar,Shot Put,10.47m,"Dec  2- 3, 2022"
Gideon Coprivnicar,Shot Put,10.54m,"Feb 26-27, 2022"
Gideon Coprivnicar,Shot Put,9.09m,"Feb 18, 2022"
Gideon Coprivnicar,Shot Put,9.37m,"Feb  4- 5, 2022"
Gideon Coprivnicar,Shot Put,NM,"Dec  3- 4, 2021"
Gideon Coprivnicar,Discus,32.93m,"Apr 14-16, 2023"
Gideon Coprivnicar,Discus,35.21m,"May  6- 7, 2022"
Gideon Coprivnicar,Discus,31.75m,"Apr 23, 2022"
Gideon Coprivnicar,Discus,29.89m,"Apr 14-16, 2022"
Gideon Coprivnicar,Discus,31.91m,"Apr  9, 2022"
Gideon Coprivnicar,Javelin,46.12m,"Apr 14-16, 2023"
Gideon Coprivnicar,Javelin,47.54m,"Apr  7- 8, 2023"
Gideon Coprivnicar,Javelin,40.80m,"May  6- 7, 2022"
Gideon Coprivnicar,Javelin,44.76m,"Apr 29-30, 2022"
Gideon Coprivnicar,Javelin,46.13m,"Apr 14-16, 2022"
Gideon Coprivnicar,Javelin,36.69m,"Apr  9, 2022"
Gideon Coprivnicar,Heptathlon,3856,"Feb 25-26, 2023"
Gideon Coprivnicar,Heptathlon,4414,"Dec  2- 3, 2022"
Gideon Coprivnicar,Heptathlon,3758,"Feb 26-27, 2022"
Gideon Coprivnicar,Heptathlon,4093,"Feb  4- 5, 2022"
Gideon Coprivnicar,Heptathlon,NP,"Dec  3- 4, 2021"
Gideon Coprivnicar,Decathlon,6296,"Apr 14-16, 2023"
Gideon Coprivnicar,Decathlon,5776,"May  6- 7, 2022"
Gideon Coprivnicar,Decathlon,5657,"Apr 14-16, 2022"
Joseph Cranley,800 Meters,1:59.19,"Dec  2- 3, 2022"
Joseph Cranley,800 Meters,1:56.36,"Feb 18, 2022"
Joseph Cranley,800 Meters,1:57.91,"Jan 29, 2022"
Joseph Cranley,800 Meters,1:56.46,"Jan 22, 2022"
Joseph Cranley,800 Meters,1:59.18,"Dec  3- 4, 2021"
Joseph Cranley,800 Meters,2:00.80,"Feb 21, 2021"
Joseph Cranley,800 Meters,1:58.22,"Feb 21, 2020"
Joseph Cranley,800 Meters,1:59.79,"Dec  6- 7, 2019"
Joseph Cranley,1000 Meters,2:30.51,"Jan 28, 2023"
Joseph Cranley,1500 Meters,4:04.10,"Apr 23, 2022"
Joseph Cranley,1500 Meters,4:19.44,"Mar 26, 2022"
Joseph Cranley,Mile,4:20.95,"Feb 11, 2023"
Joseph Cranley,Mile,4:18.57,"Feb  3- 4, 2023"
Joseph Cranley,Mile,4:20.18,"Jan 21, 2023"
Joseph Cranley,Mile,4:22.24,"Feb 11-12, 2022"
Joseph Cranley,Mile,DNS,"Jan 22, 2022"
Joseph Cranley,Mile,4:31.67,"Feb 27, 2021"
Joseph Cranley,4 x 400 Relay,3:20.10,"Feb 25-26, 2023"
Joseph Cranley,4 x 400 Relay,DNS,"Dec  2- 3, 2022"
Joseph Cranley,4 x 400 Relay,3:29.05,"Feb 18, 2022"
Joseph Cranley,4 x 800 Relay,7:36.69,"Feb 25-26, 2023"
Joseph Cranley,4 x 800 Relay,8:19.65,"Dec  2- 3, 2022"
Joseph Cranley,4 x 800 Relay,8:09.31,"Jan 29, 2022"
Joseph Cranley,4 x 800 Relay,DNS,"Dec  3- 4, 2021"
Joseph Cranley,4 x 800 Relay,DNS,"Dec  6- 7, 2019"
Joseph Cranley,4k,13:10.6,"Oct 21, 2022"
Joseph Cranley,6k,DNF,"Sep  2, 2022"
Joseph Cranley,6k,20:40.5,"Sep  3, 2021"
Joseph Cranley,6k,20:39.5,"Aug 30, 2019"
Joseph Cranley,6.4k,24:36.6,"Sep  7, 2019"
Joseph Cranley,8k,27:38.6,"Oct  1, 2021"
Joseph Cranley,8k,31:36.0,"Sep 18, 2021"
Joseph Cranley,8k,28:45.3,"Oct  5, 2019"
Niko Cruz,60 Meters,7.19,"Feb  3- 4, 2023"
Niko Cruz,60 Meters,7.22,"Jan 21, 2023"
Niko Cruz,60 Meters,7.12,"Jan 14, 2023"
Niko Cruz,60 Meters,7.15,"Dec  2- 3, 2022"
Niko Cruz,60 Meters,7.20,"Dec  2- 3, 2022"
Niko Cruz,100 Meters,11.25,"Apr 14-16, 2023"
Niko Cruz,100 Meters,DNS,"Apr  7- 8, 2023"
Niko Cruz,100 Meters,11.37,"Apr  1, 2023"
Niko Cruz,200 Meters,23.58,"Jan 14, 2023"
Niko Cruz,200 Meters,23.47,"Dec  2- 3, 2022"
Niko Cruz,4 x 100 Relay,42.69,"Apr 14-16, 2023"
Ethan Davis,800 Meters,1:57.95,"Feb 18, 2022"
Ethan Davis,800 Meters,1:56.30,"Feb 11-12, 2022"
Ethan Davis,800 Meters,1:58.40,"Feb  4- 5, 2022"
Ethan Davis,800 Meters,2:04.63,"Jan 15, 2022"
Ethan Davis,800 Meters,1:57.45,"Feb 21, 2020"
Ethan Davis,800 Meters,1:59.13,"Feb  1, 2020"
Ethan Davis,800 Meters,2:00.61,"Jan 25, 2020"
Ethan Davis,1000 Meters,2:36.05,"Jan 29, 2022"
Ethan Davis,1000 Meters,2:37.65,"Feb  7, 2020"
Ethan Davis,1500 Meters,4:00.81,"Apr 14-16, 2022"
Ethan Davis,1500 Meters,4:05.78,"Apr  2, 2022"
Ethan Davis,1500 Meters,4:14.77,"Mar 26, 2022"
Ethan Davis,Mile,4:29.37,"Feb 11-12, 2022"
Ethan Davis,Mile,4:24.06,"Feb 14-15, 2020"
Ethan Davis,Mile,4:30.43,"Jan 18, 2020"
Ethan Davis,Mile,DNS,"Jan 18, 2020"
Ethan Davis,Mile,DNS,"Jan 11, 2020"
Ethan Davis,3000 Meters,9:07.85,"Apr 14-16, 2023"
Ethan Davis,5000 Meters,16:00.10,"Apr  7- 8, 2023"
Ethan Davis,5000 Meters,15:53.46,"Apr 23, 2022"
Ethan Davis,3000 Steeplechase,DNS,"Apr  9, 2022"
Ethan Davis,4 x 400 Relay,3:29.05,"Feb 18, 2022"
Ethan Davis,4 x 400 Relay,3:27.11,"Feb 11-12, 2022"
Ethan Davis,4 x 400 Relay,3:30.65,"Feb  7, 2020"
Ethan Davis,4 x 800 Relay,8:08.79,"Dec  2- 3, 2022"
Ethan Davis,4 x 800 Relay,DNS,"Dec  3- 4, 2021"
Ethan Davis,4 x 800 Relay,7:48.08,"Feb 29-Mar  1, 2020"
Ethan Davis,6k,18:57.5,"Sep  2, 2022"
Ethan Davis,6k,DNF,"Sep  3, 2021"
Ethan Davis,6k,19:35.0,"Aug 30, 2019"
Ethan Davis,6.4k,22:09.4,"Sep  7, 2019"
Ethan Davis,8k,26:03.3,"Sep 30, 2022"
Ethan Davis,8k,26:35.4,"Oct 16, 2021"
Ethan Davis,8k,26:03.3,"Oct  1, 2021"
Ethan Davis,8k,27:44.1,"Sep 18, 2021"
Ethan Davis,8k,27:40.7,"Nov  2, 2019"
Ethan Davis,8k,26:11.0,"Oct  5, 2019"
Ethan Davis,8k,28:03.3,"Sep 20, 2019"
Ethan Davis,8k,26:55.1,"Sep 14, 2019"
Ethan Davis,8.05k,26:29.8,"Oct 29, 2022"
Ethan Davis,10k,32:53.7,"Nov 11, 2022"
Ethan Davis,4.97 Mile,25:54.5,"Sep 16, 2022"
Ethan Davis,5.2 Mile,27:19.1,"Oct 14, 2022"
Ethan Davis,5.2 Mile,28:09.1,"Oct 18, 2019"
Brandtson Duffie,400 Meters,52.26,"Feb  3- 4, 2023"
Brandtson Duffie,400 Meters,50.87,"Feb 11-12, 2022"
Brandtson Duffie,400 Meters,DNS,"Jan 15, 2022"
Brandtson Duffie,500 Meters,1:06.92,"Jan 29, 2022"
Brandtson Duffie,500 Meters,1:07.76,"Feb  7, 2020"
Brandtson Duffie,800 Meters,1:55.05,"Feb 11, 2023"
Brandtson Duffie,800 Meters,1:56.42,"Feb  3- 4, 2023"
Brandtson Duffie,800 Meters,2:02.53,"Jan 28, 2023"
Brandtson Duffie,800 Meters,1:56.09,"Dec  2- 3, 2022"
Brandtson Duffie,800 Meters,1:58.76,"Feb 11-12, 2022"
Brandtson Duffie,800 Meters,1:57.00,"Feb  4- 5, 2022"
Brandtson Duffie,800 Meters,1:59.82,"Dec  3- 4, 2021"
Brandtson Duffie,800 Meters,1:58.21,"Feb 29-Mar  1, 2020"
Brandtson Duffie,800 Meters,1:55.92,"Feb 21, 2020"
Brandtson Duffie,800 Meters,1:54.90,"Feb  1, 2020"
Brandtson Duffie,800 Meters,1:56.73,"Jan 25, 2020"
Brandtson Duffie,800 Meters,DNF,"Jan 18, 2020"
Brandtson Duffie,800 Meters,1:59.65,"Dec  6- 7, 2019"
Brandtson Duffie,1000 Meters,2:38.11,"Jan 22, 2022"
Brandtson Duffie,1500 Meters,4:10.23,"Mar 26, 2022"
Brandtson Duffie,1500 Meters,4:06.84,"Apr 24, 2021"
Brandtson Duffie,1500 Meters,4:06.73,"Apr 11, 2021"
Brandtson Duffie,Mile,4:28.98,"Jan 21, 2023"
Brandtson Duffie,4 x 400 Relay,3:18.62,"Feb 11, 2023"
Brandtson Duffie,4 x 400 Relay,3:23.97,"Jan 28, 2023"
Brandtson Duffie,4 x 400 Relay,DNS,"Jan 14, 2023"
Brandtson Duffie,4 x 400 Relay,3:31.84,"Jan 29, 2022"
Brandtson Duffie,4 x 400 Relay,DNF,"Jan 22, 2022"
Brandtson Duffie,4 x 400 Relay,3:30.65,"Feb  7, 2020"
Brandtson Duffie,4 x 800 Relay,7:36.69,"Feb 25-26, 2023"
Brandtson Duffie,4 x 800 Relay,8:09.33,"Dec  2- 3, 2022"
Brandtson Duffie,4 x 800 Relay,7:37.69,"Feb 26-27, 2022"
Brandtson Duffie,4 x 800 Relay,DNS,"Dec  3- 4, 2021"
Brandtson Duffie,4 x 800 Relay,7:48.08,"Feb 29-Mar  1, 2020"
Brandtson Duffie,4 x 800 Relay,DNS,"Dec  6- 7, 2019"
Brandtson Duffie,Distance Medley Relay,10:12.75,"Feb 25-26, 2023"
Brandtson Duffie,Distance Medley Relay,9:59.17,"Feb 26-27, 2022"
Brandtson Duffie,Distance Medley Relay,9:57.69,"Feb  4- 5, 2022"
Brandtson Duffie,Distance Medley Relay,10:16.61,"Jan 15, 2022"
Brandtson Duffie,Distance Medley Relay,10:08.28,"Feb 29-Mar  1, 2020"
Brandtson Duffie,Distance Medley Relay,10:29.05,"Jan 11, 2020"
Brandtson Duffie,4k,12:57.3,"Oct 21, 2022"
Brandtson Duffie,6k,20:20.0,"Sep  2, 2022"
Brandtson Duffie,6k,20:27.1,"Sep  3, 2021"
Brandtson Duffie,6k,DNS,"Aug 30, 2019"
Brandtson Duffie,6.4k,22:43.4,"Sep  7, 2019"
Brandtson Duffie,8k,26:39.9,"Sep 30, 2022"
Brandtson Duffie,8k,26:47.5,"Oct  1, 2021"
Brandtson Duffie,8k,27:47.8,"Oct  5, 2019"
Tyler French,800 Meters,DNF,"Apr 24, 2021"
Tyler French,800 Meters,2:10.41,"Apr 17, 2021"
Tyler French,800 Meters,DNS,"Apr  3, 2021"
Tyler French,1500 Meters,3:59.55,"Apr  9, 2022"
Tyler French,1500 Meters,4:07.25,"Apr 24, 2021"
Tyler French,1500 Meters,4:11.68,"Apr 17, 2021"
Tyler French,1500 Meters,DNS,"Apr  3, 2021"
Tyler French,Mile,4:17.08,"Jan 21, 2023"
Tyler French,Mile,4:18.25,"Feb 11-12, 2022"
Tyler French,Mile,4:15.71,"Jan 22, 2022"
Tyler French,Mile,4:30.97,"Feb 21, 2021"
Tyler French,3000 Meters,8:41.42,"Feb 25-26, 2023"
Tyler French,3000 Meters,8:35.86,"Feb 11, 2023"
Tyler French,3000 Meters,8:33.31,"Jan 28, 2023"
Tyler French,3000 Meters,8:38.80,"Feb 26-27, 2022"
Tyler French,3000 Meters,8:32.57,"Feb  4- 5, 2022"
Tyler French,3000 Meters,8:37.74,"Jan 29, 2022"
Tyler French,3000 Meters,8:43.52,"Jan 15, 2022"
Tyler French,5000 Meters,14:52.94,"Feb 25-26, 2023"
Tyler French,5000 Meters,14:39.24,"Feb  3- 4, 2023"
Tyler French,5000 Meters,DNF,"Jan 14, 2023"
Tyler French,3000 Steeplechase,9:20.31,"Apr 14-16, 2023"
Tyler French,3000 Steeplechase,9:39.66,"Apr  1, 2023"
Tyler French,3000 Steeplechase,9:23.18,"Mar 23-25, 2023"
Tyler French,3000 Steeplechase,DNS,"Apr 29-30, 2022"
Tyler French,3000 Steeplechase,9:30.08,"Apr 22-23, 2022"
Tyler French,3000 Steeplechase,9:22.92,"Apr  2, 2022"
Tyler French,4 x 800 Relay,8:09.33,"Dec  2- 3, 2022"
Tyler French,4 x 800 Relay,8:10.19,"Dec  3- 4, 2021"
Tyler French,5k,15:50.0,"Feb 13, 2021"
Tyler French,6k,18:21.9,"Sep  2, 2022"
Tyler French,6k,18:29.1,"Sep  3, 2021"
Tyler French,6k,19:35.9,"Aug 30, 2019"
Tyler French,6.4k,21:56.7,"Sep  7, 2019"
Tyler French,8k,24:27.8,"Sep 30, 2022"
Tyler French,8k,26:26.3,"Oct 31, 2021"
Tyler French,8k,25:32.9,"Oct 16, 2021"
Tyler French,8k,25:07.3,"Oct  1, 2021"
Tyler French,8k,26:10.5,"Sep 18, 2021"
Tyler French,8k,27:13.4,"Nov  2, 2019"
Tyler French,8k,25:50.2,"Oct  5, 2019"
Tyler French,8k,27:47.7,"Sep 20, 2019"
Tyler French,8k,26:27.4,"Sep 14, 2019"
Tyler French,8.05k,25:11.2,"Oct 29, 2022"
Tyler French,10k,30:57.1,"Nov 11, 2022"
Tyler French,10k,33:00.1,"Nov 12, 2021"
Tyler French,4.7 Mile,22:57.4,"Mar  5, 2021"
Tyler French,4.97 Mile,25:37.2,"Sep 16, 2022"
Tyler French,5.2 Mile,26:10.8,"Oct 14, 2022"
Tyler French,5.2 Mile,27:37.3,"Oct 18, 2019"
Daniel Givens,Long Jump,6.06m,"Feb 25-26, 2023"
Daniel Givens,Long Jump,6.24m,"Feb 17, 2023"
Daniel Givens,Long Jump,6.18m,"Feb 11, 2023"
Daniel Givens,Long Jump,6.76m,"Feb  3- 4, 2023"
Daniel Givens,Long Jump,6.07m,"Jan 28, 2023"
Daniel Givens,Long Jump,5.90m,"Jan 21, 2023"
Daniel Givens,Long Jump,6.31m,"Jan 14, 2023"
Daniel Givens,Long Jump,6.26m,"Dec  2- 3, 2022"
Daniel Givens,Triple Jump,14.43m,"Feb 25-26, 2023"
Daniel Givens,Triple Jump,13.31m,"Feb 17, 2023"
Daniel Givens,Triple Jump,13.08m,"Feb 11, 2023"
Daniel Givens,Triple Jump,12.54m,"Feb  3- 4, 2023"
Daniel Givens,Triple Jump,13.10m,"Jan 28, 2023"
Daniel Givens,Triple Jump,12.82m,"Jan 21, 2023"
Daniel Givens,Triple Jump,13.29m,"Jan 14, 2023"
Daniel Givens,Triple Jump,12.54m,"Dec  2- 3, 2022"
Kevin Harvey,1500 Meters,4:05.59,"Apr 23, 2022"
Kevin Harvey,1500 Meters,4:11.36,"Apr  9, 2022"
Kevin Harvey,Mile,4:26.81,"Jan 29, 2022"
Kevin Harvey,3000 Meters,8:16.22,"Mar  3- 5, 2023"
Kevin Harvey,3000 Meters,8:21.29,"Feb 25-26, 2023"
Kevin Harvey,3000 Meters,8:30.71,"Feb 11, 2023"
Kevin Harvey,3000 Meters,8:37.18,"Jan 21, 2023"
Kevin Harvey,3000 Meters,8:54.66,"Jan 14, 2023"
Kevin Harvey,3000 Meters,8:44.49,"Feb 26-27, 2022"
Kevin Harvey,3000 Meters,8:34.96,"Feb  4- 5, 2022"
Kevin Harvey,3000 Meters,8:40.48,"Jan 22, 2022"
Kevin Harvey,3000 Meters,8:50.01,"Jan 15, 2022"
Kevin Harvey,5000 Meters,14:39.29,"Feb 25-26, 2023"
Kevin Harvey,5000 Meters,14:43.66,"Feb  3- 4, 2023"
Kevin Harvey,5000 Meters,14:48.24,"Feb 26-27, 2022"
Kevin Harvey,5000 Meters,14:57.87,"Feb 11-12, 2022"
Kevin Harvey,"10,000 Meters",29:51.69,"Apr 14-16, 2023"
Kevin Harvey,4 x 800 Relay,DNS,"Dec  3- 4, 2021"
Kevin Harvey,6k,18:37.1,"Sep  2, 2022"
Kevin Harvey,6k,18:59.1,"Sep  3, 2021"
Kevin Harvey,8k,27:04.9,"Oct 31, 2021"
Kevin Harvey,8k,26:06.5,"Oct 16, 2021"
Kevin Harvey,8k,26:07.2,"Oct  1, 2021"
Kevin Harvey,8k,27:02.7,"Sep 18, 2021"
Kevin Harvey,8.05k,25:22.7,"Oct 29, 2022"
Kevin Harvey,10k,31:47.8,"Nov 11, 2022"
Kevin Harvey,4.97 Mile,25:46.8,"Sep 16, 2022"
Kevin Harvey,5.2 Mile,DNS,"Oct 14, 2022"
Alex Heidemann,800 Meters,2:04.62,"Jan 21, 2023"
Alex Heidemann,1000 Meters,2:41.52,"Jan 28, 2023"
Alex Heidemann,1500 Meters,4:04.01,"Apr  7- 8, 2023"
Alex Heidemann,1500 Meters,4:12.75,"Mar 24-25, 2023"
Alex Heidemann,4 x 400 Relay,3:30.51,"Mar 24-25, 2023"
Alex Heidemann,4 x 800 Relay,8:09.33,"Dec  2- 3, 2022"
Alex Heidemann,8k,26:16.5,"Sep 30, 2022"
Alex Heidemann,8.05k,26:20.7,"Oct 29, 2022"
Alex Heidemann,10k,33:26.4,"Nov 11, 2022"
Alex Heidemann,4.97 Mile,27:01.1,"Sep 16, 2022"
Alex Heidemann,5.2 Mile,27:59.8,"Oct 14, 2022"
Ethan  Hood,400 Meters,52.51,"Feb 26-27, 2022"
Ethan  Hood,400 Meters,52.15,"Feb 11-12, 2022"
Ethan  Hood,800 Meters,2:00.67,"Feb 25-26, 2023"
Ethan  Hood,800 Meters,1:58.75,"Feb 11, 2023"
Ethan  Hood,800 Meters,1:59.57,"Feb  3- 4, 2023"
Ethan  Hood,800 Meters,1:56.99,"Jan 28, 2023"
Ethan  Hood,800 Meters,1:57.70,"Jan 21, 2023"
Ethan  Hood,800 Meters,1:59.20,"Jan 14, 2023"
Ethan  Hood,800 Meters,2:00.01,"Dec  2- 3, 2022"
Ethan  Hood,800 Meters,1:59.08,"Feb 18, 2022"
Ethan  Hood,800 Meters,1:59.52,"Feb 11-12, 2022"
Ethan  Hood,800 Meters,2:00.31,"Jan 29, 2022"
Ethan  Hood,800 Meters,2:01.69,"Jan 22, 2022"
Ethan  Hood,800 Meters,2:02.62,"Dec  3- 4, 2021"
Ethan  Hood,1500 Meters,4:08.22,"Apr 23, 2022"
Ethan  Hood,4 x 400 Relay,3:20.10,"Feb 25-26, 2023"
Ethan  Hood,4 x 400 Relay,3:24.25,"Feb 11, 2023"
Ethan  Hood,4 x 400 Relay,3:25.00,"Jan 14, 2023"
Ethan  Hood,4 x 400 Relay,3:29.05,"Feb 18, 2022"
Ethan  Hood,4 x 800 Relay,8:03.24,"Dec  2- 3, 2022"
Ethan  Hood,4 x 800 Relay,8:10.19,"Dec  3- 4, 2021"
Ethan  Hood,4k,13:35.3,"Oct 21, 2022"
Ethan  Hood,6k,21:40.2,"Sep  2, 2022"
Ethan  Hood,6k,20:16.3,"Sep  3, 2021"
Ethan  Hood,8k,27:07.4,"Sep 30, 2022"
Wil Jaques,60 Meters,7.77,"Jan 21, 2023"
Wil Jaques,60 Meters,8.51,"Jan 14, 2023"
Wil Jaques,Shot Put,13.03m,"Jan 21, 2023"
Wil Jaques,Shot Put,12.96m,"Jan 14, 2023"
Wil Jaques,Shot Put,12.38m,"Dec  2- 3, 2022"
Wil Jaques,Discus,37.54m,"Apr  1, 2023"
Wil Jaques,Discus,39.63m,"Mar 24-25, 2023"
Wil Jaques,Weight Throw,14.11m,"Jan 21, 2023"
Wil Jaques,Weight Throw,14.12m,"Jan 14, 2023"
Wil Jaques,Weight Throw,13.03m,"Dec  2- 3, 2022"
Wil Jaques,Javelin,49.58m,"Apr 14-16, 2023"
Wil Jaques,Javelin,59.65m,"Apr  7- 8, 2023"
Wil Jaques,Javelin,55.61m,"Apr  1, 2023"
Wil Jaques,Javelin,53.31m,"Mar 24-25, 2023"
Noah Kim,500 Meters,1:08.59,"Jan 28, 2023"
Noah Kim,600 Meters,1:24.34,"Feb  3- 4, 2023"
Noah Kim,800 Meters,1:58.46,"Jan 21, 2023"
Noah Kim,800 Meters,2:00.05,"Dec  2- 3, 2022"
Noah Kim,4 x 400 Relay,3:25.00,"Jan 14, 2023"
Noah Kim,4 x 400 Relay,DNS,"Dec  2- 3, 2022"
Noah Kim,Distance Medley Relay,10:52.52,"Jan 21, 2023"
Cole Lavalle,60 Meters,7.39,"Jan 28, 2023"
Cole Lavalle,60 Meters,7.37,"Jan 21, 2023"
Cole Lavalle,60 Meters,7.45,"Jan 14, 2023"
Cole Lavalle,60 Meters,7.48,"Dec  2- 3, 2022"
Cole Lavalle,60 Meters,7.36,"Feb 18, 2022"
Cole Lavalle,60 Meters,7.38,"Dec  3- 4, 2021"
Cole Lavalle,100 Meters,11.81,"Apr  7- 8, 2023"
Cole Lavalle,100 Meters,11.60,"Mar 24-25, 2023"
Cole Lavalle,100 Meters,11.55,"Apr  9, 2022"
Cole Lavalle,200 Meters,24.34,"Jan 21, 2023"
Cole Lavalle,200 Meters,DNS,"Jan 14, 2023"
Cole Lavalle,200 Meters,24.18,"Dec  2- 3, 2022"
Cole Lavalle,200 Meters,23.93,"Feb 18, 2022"
Cole Lavalle,200 Meters,24.47,"Dec  3- 4, 2021"
Cole Lavalle,200 Meters,22.95,"Feb  1, 2020"
Cole Lavalle,200 Meters,23.51,"Jan 11, 2020"
Cole Lavalle,400 Meters,53.72,"Jan 25, 2020"
Cole Lavalle,400 Meters,53.12,"Jan 11, 2020"
Cole Lavalle,400 Meters,52.42,"Dec  6- 7, 2019"
Cole Lavalle,4 x 400 Relay,3:26.39,"Feb  1, 2020"
Jordan Layos,Long Jump,6.22m,"Feb 17, 2023"
Jordan Layos,Long Jump,6.33m,"Feb 11, 2023"
Jordan Layos,Long Jump,6.88m,"Feb  3- 4, 2023"
Jordan Layos,Long Jump,5.83m,"Jan 21, 2023"
Jordan Layos,Long Jump,NM,"Jan 21, 2023"
Jordan Layos,Long Jump,5.92m,"Jan 14, 2023"
Jordan Layos,Long Jump,6.17m,"Dec  2- 3, 2022"
Jordan Layos,Long Jump,FOUL,"Jan 22, 2022"
Jordan Layos,Long Jump,NM,"Jan 22, 2022"
Jordan Layos,Long Jump,6.46m,"Jan 15, 2022"
Jordan Layos,Long Jump,6.02m,"Dec  3- 4, 2021"
Jordan Layos,Triple Jump,12.42m,"Feb 17, 2023"
Jordan Layos,Triple Jump,FOUL,"Feb 11, 2023"
Jordan Layos,Triple Jump,12.55m,"Jan 28, 2023"
Jordan Layos,Triple Jump,NM,"Jan 21, 2023"
Jordan Layos,Triple Jump,12.55m,"Jan 14, 2023"
Jordan Layos,Triple Jump,12.49m,"Dec  2- 3, 2022"
Jordan Layos,Triple Jump,NM,"Jan 22, 2022"
Jordan Layos,Triple Jump,12.24m,"Jan 15, 2022"
Jordan Layos,Triple Jump,NM,"Dec  3- 4, 2021"
Max Leffler,800 Meters,2:04.85,"Mar 24-25, 2023"
Max Leffler,1500 Meters,4:17.15,"Mar 24-25, 2023"
Max Leffler,Mile,4:26.58,"Feb 17, 2023"
Max Leffler,Mile,4:30.09,"Jan 14, 2023"
Max Leffler,3000 Meters,8:55.21,"Feb 11, 2023"
Max Leffler,3000 Meters,8:53.59,"Feb  3- 4, 2023"
Max Leffler,3000 Meters,8:58.10,"Jan 21, 2023"
Max Leffler,5000 Meters,16:15.34,"Apr  1, 2023"
Max Leffler,3000 Steeplechase,10:11.00,"Apr  7- 8, 2023"
Max Leffler,4 x 400 Relay,3:30.51,"Mar 24-25, 2023"
Max Leffler,4 x 800 Relay,8:03.24,"Dec  2- 3, 2022"
Max Leffler,6k,20:35.0,"Oct 21, 2022"
Max Leffler,6k,19:30.3,"Sep  2, 2022"
Max Leffler,8k,27:55.8,"Oct 14, 2022"
Max Leffler,8k,DNF,"Sep 30, 2022"
Max Leffler,4.97 Mile,26:51.6,"Sep 16, 2022"
Max Leffler,5.2 Mile,DNS,"Oct 14, 2022"
Thomas Leitner,400 Meters,53.38,"Jan 21, 2023"
Thomas Leitner,400 Meters,51.91,"Feb 26-27, 2022"
Thomas Leitner,500 Meters,1:09.03,"Jan 28, 2023"
Thomas Leitner,500 Meters,1:10.29,"Jan 29, 2022"
Thomas Leitner,500 Meters,1:09.64,"Jan 22, 2022"
Thomas Leitner,500 Meters,1:15.30,"Feb  7, 2020"
Thomas Leitner,600 Meters,1:23.44,"Feb  3- 4, 2023"
Thomas Leitner,800 Meters,1:56.83,"Feb 25-26, 2023"
Thomas Leitner,800 Meters,1:57.48,"Feb 11, 2023"
Thomas Leitner,800 Meters,2:01.59,"Jan 14, 2023"
Thomas Leitner,800 Meters,2:01.01,"Dec  2- 3, 2022"
Thomas Leitner,800 Meters,1:57.44,"Feb 18, 2022"
Thomas Leitner,800 Meters,1:56.68,"Feb 11-12, 2022"
Thomas Leitner,800 Meters,1:59.57,"Feb  4- 5, 2022"
Thomas Leitner,800 Meters,2:01.14,"Jan 15, 2022"
Thomas Leitner,800 Meters,2:00.79,"Feb 27, 2021"
Thomas Leitner,800 Meters,2:04.09,"Feb 21, 2021"
Thomas Leitner,800 Meters,1:58.13,"Feb 21, 2020"
Thomas Leitner,800 Meters,1:57.81,"Feb  1, 2020"
Thomas Leitner,800 Meters,1:59.57,"Jan 25, 2020"
Thomas Leitner,800 Meters,2:00.50,"Jan 18, 2020"
Thomas Leitner,4 x 400 Relay,3:24.25,"Feb 11, 2023"
Thomas Leitner,4 x 400 Relay,3:24.01,"Jan 21, 2023"
Thomas Leitner,4 x 400 Relay,DNS,"Jan 14, 2023"
Thomas Leitner,4 x 400 Relay,3:25.16,"Feb 26-27, 2022"
Thomas Leitner,4 x 400 Relay,3:29.05,"Feb 18, 2022"
Thomas Leitner,4 x 400 Relay,3:27.11,"Feb 11-12, 2022"
Thomas Leitner,4 x 400 Relay,3:31.84,"Jan 29, 2022"
Thomas Leitner,4 x 400 Relay,DNF,"Jan 22, 2022"
Thomas Leitner,4 x 400 Relay,3:30.65,"Feb  7, 2020"
Thomas Leitner,4 x 800 Relay,8:19.65,"Dec  2- 3, 2022"
Thomas Leitner,4 x 800 Relay,DNS,"Dec  3- 4, 2021"
Thomas Leitner,Distance Medley Relay,10:12.75,"Feb 25-26, 2023"
Thomas Leitner,Distance Medley Relay,10:16.61,"Jan 15, 2022"
Thomas Leitner,Distance Medley Relay,10:08.28,"Feb 29-Mar  1, 2020"
Thomas Leitner,4k,12:48.6,"Oct 21, 2022"
Thomas Leitner,5k,16:05.1,"Feb 13, 2021"
Thomas Leitner,6k,20:11.8,"Sep  2, 2022"
Thomas Leitner,6k,20:09.6,"Sep  3, 2021"
Thomas Leitner,6k,19:44.9,"Aug 30, 2019"
Thomas Leitner,8k,28:08.5,"Sep 30, 2022"
Thomas Leitner,8k,27:01.2,"Oct 31, 2021"
Thomas Leitner,8k,26:05.7,"Oct 16, 2021"
Thomas Leitner,8k,26:16.4,"Oct  1, 2021"
Thomas Leitner,8k,26:48.3,"Sep 18, 2021"
Thomas Leitner,8k,26:07.6,"Oct  5, 2019"
Thomas Leitner,4.97 Mile,30:11.9,"Sep 16, 2022"
Amondo Lemmon,200 Meters,22.48,"Feb 25-26, 2023"
Amondo Lemmon,200 Meters,22.61,"Feb 11, 2023"
Amondo Lemmon,200 Meters,23.09,"Feb  3- 4, 2023"
Amondo Lemmon,200 Meters,23.24,"Jan 28, 2023"
Amondo Lemmon,200 Meters,23.19,"Jan 21, 2023"
Amondo Lemmon,200 Meters,23.65,"Jan 14, 2023"
Amondo Lemmon,200 Meters,23.50,"Dec  2- 3, 2022"
Amondo Lemmon,200 Meters,23.70,"Feb 11-12, 2022"
Amondo Lemmon,200 Meters,DNF,"Jan 15, 2022"
Amondo Lemmon,200 Meters,23.74,"Dec  3- 4, 2021"
Amondo Lemmon,200 Meters,24.09,"Feb 27, 2021"
Amondo Lemmon,200 Meters,23.80,"Jan 11, 2020"
Amondo Lemmon,400 Meters,49.96,"Feb 25-26, 2023"
Amondo Lemmon,400 Meters,50.05,"Feb 11, 2023"
Amondo Lemmon,400 Meters,50.98,"Feb  3- 4, 2023"
Amondo Lemmon,400 Meters,51.32,"Jan 28, 2023"
Amondo Lemmon,400 Meters,DNS,"Jan 21, 2023"
Amondo Lemmon,400 Meters,52.03,"Jan 14, 2023"
Amondo Lemmon,400 Meters,52.29,"Dec  2- 3, 2022"
Amondo Lemmon,400 Meters,FS,"Jan 15, 2022"
Amondo Lemmon,400 Meters,52.85,"Dec  3- 4, 2021"
Amondo Lemmon,400 Meters,52.12,"Feb 29-Mar  1, 2020"
Amondo Lemmon,400 Meters,52.03,"Feb 21, 2020"
Amondo Lemmon,400 Meters,51.97,"Jan 25, 2020"
Amondo Lemmon,400 Meters,51.71,"Jan 18, 2020"
Amondo Lemmon,400 Meters,52.80,"Jan 11, 2020"
Amondo Lemmon,400 Meters,52.69,"Dec  6- 7, 2019"
Amondo Lemmon,4 x 100 Relay,42.69,"Apr 14-16, 2023"
Amondo Lemmon,4 x 100 Relay,DNF,"Apr  7- 8, 2023"
Amondo Lemmon,4 x 100 Relay,43.61,"Apr  1, 2023"
Amondo Lemmon,4 x 100 Relay,43.63,"Mar 24-25, 2023"
Amondo Lemmon,4 x 100 Relay,44.70,"May  6- 7, 2022"
Amondo Lemmon,4 x 100 Relay,43.80,"Apr 23, 2022"
Amondo Lemmon,4 x 100 Relay,43.27,"Apr  9, 2022"
Amondo Lemmon,4 x 100 Relay,44.34,"Apr  2, 2022"
Amondo Lemmon,4 x 100 Relay,43.58,"Mar 26, 2022"
Amondo Lemmon,4 x 100 Relay,43.38,"Apr 30-May  1, 2021"
Amondo Lemmon,4 x 400 Relay,3:20.10,"Feb 25-26, 2023"
Amondo Lemmon,4 x 400 Relay,3:18.62,"Feb 11, 2023"
Amondo Lemmon,4 x 400 Relay,3:23.97,"Jan 28, 2023"
Amondo Lemmon,4 x 400 Relay,3:27.98,"Dec  2- 3, 2022"
Amondo Lemmon,4 x 400 Relay,3:34.33,"Feb 27, 2021"
Amondo Lemmon,4 x 400 Relay,3:25.91,"Feb 29-Mar  1, 2020"
Amondo Lemmon,4 x 400 Relay,3:25.70,"Jan 18, 2020"
Amondo Lemmon,4 x 400 Relay,3:38.22,"Jan 11, 2020"
Amondo Lemmon,4 x 400 Relay,3:29.78,"Dec  6- 7, 2019"
Carter LoPresti,1500 Meters,4:35.33,"Mar 24-25, 2023"
Carter LoPresti,3000 Meters,DNF,"Feb 17, 2023"
Carter LoPresti,5000 Meters,DNS,"Jan 21, 2023"
Carter LoPresti,5000 Meters,16:06.45,"Jan 14, 2023"
Carter LoPresti,4 x 800 Relay,8:21.10,"Dec  2- 3, 2022"
Carter LoPresti,6k,20:14.9,"Sep  2, 2022"
Carter LoPresti,8k,27:12.2,"Oct 14, 2022"
Carter LoPresti,8k,26:10.9,"Sep 30, 2022"
Carter LoPresti,8.05k,26:28.5,"Oct 29, 2022"
Carter LoPresti,10k,34:10.7,"Nov 11, 2022"
Carter LoPresti,4.97 Mile,27:38.0,"Sep 16, 2022"
Carter LoPresti,5.2 Mile,DNS,"Oct 14, 2022"
Liam Lovering,Shot Put,15.39m,"Mar  3- 5, 2023"
Liam Lovering,Shot Put,15.99m,"Feb 25-26, 2023"
Liam Lovering,Shot Put,16.17m,"Feb 19, 2023"
Liam Lovering,Shot Put,16.14m,"Feb 11, 2023"
Liam Lovering,Shot Put,15.96m,"Feb  3- 4, 2023"
Liam Lovering,Shot Put,16.62m,"Jan 28, 2023"
Liam Lovering,Shot Put,16.19m,"Jan 21, 2023"
Liam Lovering,Shot Put,15.87m,"Jan 14, 2023"
Liam Lovering,Shot Put,15.53m,"Dec  2- 3, 2022"
Liam Lovering,Shot Put,15.06m,"Feb 26-27, 2022"
Liam Lovering,Shot Put,14.96m,"Feb 18, 2022"
Liam Lovering,Shot Put,14.06m,"Feb 11-12, 2022"
Liam Lovering,Shot Put,14.66m,"Feb  4- 5, 2022"
Liam Lovering,Shot Put,14.97m,"Jan 29, 2022"
Liam Lovering,Shot Put,14.87m,"Jan 22, 2022"
Liam Lovering,Shot Put,14.43m,"Jan 15, 2022"
Liam Lovering,Shot Put,13.71m,"Dec  3- 4, 2021"
Liam Lovering,Discus,51.44m,"Apr 14-16, 2023"
Liam Lovering,Discus,50.58m,"Apr  7- 8, 2023"
Liam Lovering,Discus,48.79m,"Apr  1, 2023"
Liam Lovering,Discus,49.39m,"Mar 24-25, 2023"
Liam Lovering,Discus,49.44m,"Mar 18, 2023"
Liam Lovering,Discus,44.66m,"May  6- 7, 2022"
Liam Lovering,Discus,45.20m,"Apr 29-30, 2022"
Liam Lovering,Discus,45.33m,"Apr 23, 2022"
Liam Lovering,Discus,45.28m,"Apr 15, 2022"
Liam Lovering,Discus,44.84m,"Apr  9, 2022"
Liam Lovering,Discus,44.75m,"Apr  2, 2022"
Liam Lovering,Hammer,45.21m,"Apr 14-16, 2023"
Liam Lovering,Hammer,50.00m,"Apr  7- 8, 2023"
Liam Lovering,Hammer,44.87m,"Mar 24-25, 2023"
Liam Lovering,Hammer,48.29m,"Mar 18, 2023"
Liam Lovering,Hammer,40.06m,"Apr 29-30, 2022"
Liam Lovering,Weight Throw,16.27m,"Mar  3- 5, 2023"
Liam Lovering,Weight Throw,17.29m,"Feb 25-26, 2023"
Liam Lovering,Weight Throw,17.07m,"Feb 19, 2023"
Liam Lovering,Weight Throw,16.78m,"Feb 11, 2023"
Liam Lovering,Weight Throw,17.45m,"Jan 28, 2023"
Liam Lovering,Weight Throw,15.89m,"Jan 21, 2023"
Liam Lovering,Weight Throw,16.31m,"Jan 14, 2023"
Liam Lovering,Weight Throw,16.03m,"Dec  2- 3, 2022"
Liam Lovering,Weight Throw,11.92m,"Feb 18, 2022"
Liam Lovering,Weight Throw,14.02m,"Feb 11-12, 2022"
Liam Lovering,Weight Throw,12.83m,"Jan 15, 2022"
Liam Lovering,Weight Throw,13.40m,"Dec  3- 4, 2021"
Aidan Lynch,800 Meters,1:55.88,"Feb 11-12, 2022"
Aidan Lynch,1000 Meters,2:30.45,"Jan 28, 2023"
Aidan Lynch,1000 Meters,2:35.77,"Jan 29, 2022"
Aidan Lynch,1500 Meters,3:50.38,"Apr 14-16, 2023"
Aidan Lynch,1500 Meters,4:08.18,"Apr  1, 2023"
Aidan Lynch,1500 Meters,3:56.39,"Mar 23-25, 2023"
Aidan Lynch,1500 Meters,4:02.41,"Apr  2, 2022"
Aidan Lynch,Mile,4:18.82,"Mar  3- 5, 2023"
Aidan Lynch,Mile,4:11.23,"Feb 11, 2023"
Aidan Lynch,Mile,4:20.26,"Jan 14, 2023"
Aidan Lynch,Mile,4:21.45,"Feb 11-12, 2022"
Aidan Lynch,Mile,4:20.86,"Jan 22, 2022"
Aidan Lynch,3000 Meters,8:24.01,"Feb 25-26, 2023"
Aidan Lynch,3000 Meters,8:24.78,"Jan 21, 2023"
Aidan Lynch,3000 Meters,8:46.19,"Feb 18, 2022"
Aidan Lynch,3000 Meters,8:42.58,"Feb  4- 5, 2022"
Aidan Lynch,3000 Meters,8:47.48,"Jan 15, 2022"
Aidan Lynch,5000 Meters,14:38.68,"Feb  3- 4, 2023"
Aidan Lynch,3000 Steeplechase,9:50.28,"Apr 23, 2022"
Aidan Lynch,3000 Steeplechase,9:45.78,"Apr  9, 2022"
Aidan Lynch,4 x 400 Relay,3:24.25,"Feb 11, 2023"
Aidan Lynch,4 x 400 Relay,3:27.11,"Feb 11-12, 2022"
Aidan Lynch,4 x 800 Relay,7:36.69,"Feb 25-26, 2023"
Aidan Lynch,4 x 800 Relay,8:08.79,"Dec  2- 3, 2022"
Aidan Lynch,4 x 800 Relay,7:37.69,"Feb 26-27, 2022"
Aidan Lynch,4 x 800 Relay,8:09.31,"Jan 29, 2022"
Aidan Lynch,4 x 800 Relay,DNS,"Dec  3- 4, 2021"
Aidan Lynch,6k,18:33.6,"Sep  2, 2022"
Aidan Lynch,6k,18:52.1,"Sep  3, 2021"
Aidan Lynch,8k,26:23.3,"Oct 31, 2021"
Aidan Lynch,8k,25:56.8,"Oct 16, 2021"
Aidan Lynch,8k,25:58.5,"Oct  1, 2021"
Aidan Lynch,8k,27:23.3,"Sep 18, 2021"
Aidan Lynch,8.05k,26:04.7,"Oct 29, 2022"
Aidan Lynch,10k,32:23.4,"Nov 11, 2022"
Aidan Lynch,10k,DNF,"Nov 12, 2021"
Aidan Lynch,10k,33:02.3,"Nov 12, 2021"
Aidan Lynch,4.97 Mile,25:44.0,"Sep 16, 2022"
Aidan Lynch,5.2 Mile,26:56.2,"Oct 14, 2022"
Mulenga Malama,Long Jump,6.73m,"Feb 25-26, 2023"
Mulenga Malama,Long Jump,6.73m,"Feb 17, 2023"
Mulenga Malama,Long Jump,6.41m,"Feb 11, 2023"
Mulenga Malama,Long Jump,6.24m,"Feb  3- 4, 2023"
Mulenga Malama,Long Jump,6.35m,"Jan 21, 2023"
Mulenga Malama,Long Jump,6.53m,"Jan 14, 2023"
Mulenga Malama,Long Jump,6.14m,"Feb 26-27, 2022"
Mulenga Malama,Long Jump,6.12m,"Feb  4- 5, 2022"
Mulenga Malama,Long Jump,5.97m,"Jan 22, 2022"
Mulenga Malama,Long Jump,6.48m,"Jan 15, 2022"
Mulenga Malama,Long Jump,5.86m,"Dec  3- 4, 2021"
Mulenga Malama,Triple Jump,13.22m,"Feb 25-26, 2023"
Mulenga Malama,Triple Jump,FOUL,"Feb 17, 2023"
Mulenga Malama,Triple Jump,13.06m,"Feb 11, 2023"
Mulenga Malama,Triple Jump,12.88m,"Jan 21, 2023"
Mulenga Malama,Triple Jump,12.89m,"Jan 14, 2023"
Mulenga Malama,Triple Jump,12.98m,"Feb 26-27, 2022"
Mulenga Malama,Triple Jump,13.15m,"Feb 11-12, 2022"
Mulenga Malama,Triple Jump,12.69m,"Feb  4- 5, 2022"
Mulenga Malama,Triple Jump,NM,"Jan 15, 2022"
Mulenga Malama,Triple Jump,12.32m,"Dec  3- 4, 2021"
Daniel Malatesta,800 Meters,1:58.16,"Jan 21, 2023"
Daniel Malatesta,1500 Meters,3:59.04,"Apr 14-16, 2023"
Daniel Malatesta,1500 Meters,4:10.20,"Apr  1, 2023"
Daniel Malatesta,1500 Meters,4:08.75,"Mar 24-25, 2023"
Daniel Malatesta,Mile,4:18.00,"Feb 25-26, 2023"
Daniel Malatesta,Mile,4:18.97,"Feb 11, 2023"
Daniel Malatesta,Mile,4:18.45,"Jan 28, 2023"
Daniel Malatesta,Mile,4:27.17,"Jan 14, 2023"
Daniel Malatesta,4 x 400 Relay,3:31.09,"Apr 14-16, 2023"
Daniel Malatesta,4 x 400 Relay,3:29.09,"Apr  7- 8, 2023"
Daniel Malatesta,6k,DNS,"Oct 21, 2022"
Daniel Malatesta,6k,19:21.5,"Sep  2, 2022"
Daniel Malatesta,8k,26:28.1,"Sep 30, 2022"
Daniel Malatesta,4.97 Mile,27:00.8,"Sep 16, 2022"
Daniel Malatesta,5.2 Mile,DNS,"Oct 14, 2022"
Connor Malinger,800 Meters,2:10.04,"Mar 24-25, 2023"
Connor Malinger,1500 Meters,4:23.44,"Mar 24-25, 2023"
Connor Malinger,Mile,4:40.71,"Feb 17, 2023"
Connor Malinger,3000 Meters,9:16.47,"Feb 11, 2023"
Connor Malinger,3000 Meters,9:26.86,"Jan 14, 2023"
Connor Malinger,5000 Meters,15:57.99,"Jan 21, 2023"
Connor Malinger,3000 Steeplechase,DNF,"Apr  7- 8, 2023"
Connor Malinger,4 x 800 Relay,8:21.10,"Dec  2- 3, 2022"
Connor Malinger,6k,19:42.7,"Sep  2, 2022"
Connor Malinger,8k,27:16.8,"Oct 14, 2022"
Connor Malinger,8k,26:34.9,"Sep 30, 2022"
Connor Malinger,8.05k,27:13.1,"Oct 29, 2022"
Connor Malinger,4.97 Mile,26:46.3,"Sep 16, 2022"
Connor Malinger,5.2 Mile,DNS,"Oct 14, 2022"
Sam Maloof,Shot Put,NM,"Jan 14, 2023"
Sam Maloof,Shot Put,13.44m,"Feb 18, 2022"
Sam Maloof,Shot Put,14.19m,"Jan 29, 2022"
Sam Maloof,Shot Put,13.47m,"Dec  3- 4, 2021"
Sam Maloof,Discus,39.87m,"Apr 23, 2022"
Sam Maloof,Discus,41.00m,"Apr 15, 2022"
Sam Maloof,Discus,NM,"Apr  9, 2022"
Sam Maloof,Weight Throw,14.28m,"Jan 14, 2023"
Sam Maloof,Weight Throw,15.03m,"Dec  2- 3, 2022"
Sam Maloof,Weight Throw,11.86m,"Dec  3- 4, 2021"
Jacob Martinez,800 Meters,1:52.38,"Mar  3- 5, 2023"
Jacob Martinez,800 Meters,1:54.30,"Feb 25-26, 2023"
Jacob Martinez,800 Meters,1:52.86,"Feb 11, 2023"
Jacob Martinez,800 Meters,1:54.61,"Feb  3- 4, 2023"
Jacob Martinez,800 Meters,1:53.48,"Feb 26-27, 2022"
Jacob Martinez,800 Meters,1:53.30,"Feb 26-27, 2022"
Jacob Martinez,800 Meters,1:53.14,"Feb 11-12, 2022"
Jacob Martinez,800 Meters,1:53.66,"Jan 22, 2022"
Jacob Martinez,1000 Meters,2:27.86,"Jan 21, 2023"
Jacob Martinez,1000 Meters,2:34.72,"Jan 29, 2022"
Jacob Martinez,1500 Meters,3:54.38,"Apr 14-16, 2023"
Jacob Martinez,1500 Meters,4:08.08,"Apr  1, 2023"
Jacob Martinez,1500 Meters,3:53.85,"Mar 23-25, 2023"
Jacob Martinez,1500 Meters,3:56.95,"May  6- 7, 2022"
Jacob Martinez,1500 Meters,3:55.34,"May  6- 7, 2022"
Jacob Martinez,1500 Meters,3:50.63,"Apr 14-16, 2022"
Jacob Martinez,1500 Meters,4:01.28,"Apr  2, 2022"
Jacob Martinez,1500 Meters,3:55.32,"Mar 24-26, 2022"
Jacob Martinez,1500 Meters,4:01.55,"May  6, 2021"
Jacob Martinez,1500 Meters,3:58.76,"Apr 30-May  1, 2021"
Jacob Martinez,1500 Meters,DNF,"Apr 24, 2021"
Jacob Martinez,1500 Meters,4:01.49,"Apr 17, 2021"
Jacob Martinez,1500 Meters,DQ,"Apr 11, 2021"
Jacob Martinez,1500 Meters,4:02.60,"Mar 21, 2021"
Jacob Martinez,Mile,4:20.41,"Feb  3- 4, 2023"
Jacob Martinez,Mile,4:17.35,"Jan 28, 2023"
Jacob Martinez,Mile,4:24.62,"Feb 11-12, 2022"
Jacob Martinez,Mile,4:13.27,"Feb  4- 5, 2022"
Jacob Martinez,Mile,4:23.29,"Feb 27, 2021"
Jacob Martinez,Mile,4:25.54,"Feb 21, 2021"
Jacob Martinez,3000 Meters,9:30.01,"Jan 11, 2020"
Jacob Martinez,5000 Meters,15:12.29,"May  6- 7, 2022"
Jacob Martinez,5000 Meters,15:35.60,"Apr 30-May  1, 2021"
Jacob Martinez,3000 Steeplechase,DNF,"Mar 27, 2021"
Jacob Martinez,4 x 400 Relay,3:24.25,"Feb 11, 2023"
Jacob Martinez,4 x 400 Relay,DNS,"Jan 14, 2023"
Jacob Martinez,4 x 400 Relay,DNF,"Jan 22, 2022"
Jacob Martinez,4 x 400 Relay,3:34.33,"Feb 27, 2021"
Jacob Martinez,4 x 800 Relay,8:03.24,"Dec  2- 3, 2022"
Jacob Martinez,4 x 800 Relay,8:09.31,"Jan 29, 2022"
Jacob Martinez,4 x 800 Relay,8:14.96,"Dec  3- 4, 2021"
Jacob Martinez,Distance Medley Relay,10:12.75,"Feb 25-26, 2023"
Jacob Martinez,Distance Medley Relay,9:59.17,"Feb 26-27, 2022"
Jacob Martinez,Distance Medley Relay,9:57.69,"Feb  4- 5, 2022"
Jacob Martinez,Distance Medley Relay,10:16.61,"Jan 15, 2022"
Jacob Martinez,4k,12:26.7,"Oct 21, 2022"
Jacob Martinez,5k,16:18.2,"Feb 13, 2021"
Jacob Martinez,6k,20:22.9,"Sep  2, 2022"
Jacob Martinez,6k,19:15.0,"Sep  3, 2021"
Jacob Martinez,6k,20:43.1,"Aug 30, 2019"
Jacob Martinez,6.4k,22:04.6,"Sep  7, 2019"
Jacob Martinez,8k,26:50.6,"Sep 30, 2022"
Jacob Martinez,8k,28:12.9,"Oct 16, 2021"
Jacob Martinez,8k,27:44.0,"Oct  1, 2021"
Jacob Martinez,8k,28:47.9,"Sep 18, 2021"
Jacob Martinez,8k,27:58.9,"Oct 19, 2019"
Jacob Martinez,8k,27:24.2,"Oct  5, 2019"
Jacob Martinez,8k,27:40.8,"Sep 14, 2019"
Jacob Martinez,8.05k,28:21.9,"Oct 29, 2022"
Jacob Martinez,4.97 Mile,DNF,"Sep 16, 2022"
Jacob Martinez,5.2 Mile,29:16.6,"Oct 14, 2022"
Ethan McHugh,Shot Put,12.08m,"Feb 25-26, 2023"
Ethan McHugh,Shot Put,12.08m,"Feb  5, 2023"
Ethan McHugh,Shot Put,12.22m,"Jan 21, 2023"
Ethan McHugh,Shot Put,12.88m,"Jan 14, 2023"
Ethan McHugh,Shot Put,13.06m,"Dec  2- 3, 2022"
Ethan McHugh,Shot Put,10.39m,"Feb 18, 2022"
Ethan McHugh,Shot Put,11.24m,"Feb 11-12, 2022"
Ethan McHugh,Shot Put,10.07m,"Jan 22, 2022"
Ethan McHugh,Shot Put,12.00m,"Dec  3- 4, 2021"
Ethan McHugh,Discus,27.26m,"Apr  7- 8, 2023"
Ethan McHugh,Discus,27.57m,"Apr 29-30, 2022"
Ethan McHugh,Hammer,42.50m,"Apr  7- 8, 2023"
Ethan McHugh,Hammer,40.91m,"Apr  1, 2023"
Ethan McHugh,Hammer,FOUL,"Mar 24-25, 2023"
Ethan McHugh,Hammer,40.41m,"Mar 18, 2023"
Ethan McHugh,Hammer,34.40m,"Apr 29-30, 2022"
Ethan McHugh,Hammer,36.62m,"Apr 23, 2022"
Ethan McHugh,Hammer,34.19m,"Apr 15, 2022"
Ethan McHugh,Hammer,33.32m,"Apr  9, 2022"
Ethan McHugh,Hammer,33.26m,"Apr  2, 2022"
Ethan McHugh,Hammer,31.46m,"Mar 26, 2022"
Ethan McHugh,Weight Throw,12.32m,"Feb 25-26, 2023"
Ethan McHugh,Weight Throw,13.22m,"Feb 17, 2023"
Ethan McHugh,Weight Throw,13.49m,"Feb 11, 2023"
Ethan McHugh,Weight Throw,13.74m,"Feb  5, 2023"
Ethan McHugh,Weight Throw,12.84m,"Feb  3- 4, 2023"
Ethan McHugh,Weight Throw,12.80m,"Jan 21, 2023"
Ethan McHugh,Weight Throw,13.88m,"Jan 14, 2023"
Ethan McHugh,Weight Throw,13.14m,"Dec  2- 3, 2022"
Ethan McHugh,Weight Throw,11.48m,"Feb 18, 2022"
Ethan McHugh,Weight Throw,10.18m,"Feb 11-12, 2022"
Ethan McHugh,Weight Throw,10.73m,"Jan 29, 2022"
Ethan McHugh,Weight Throw,10.73m,"Jan 22, 2022"
Ethan McHugh,Weight Throw,10.21m,"Dec  3- 4, 2021"
Connor Melko,800 Meters,1:56.81,"Jan 14, 2023"
Connor Melko,1000 Meters,2:25.28,"Jan 21, 2023"
Connor Melko,1000 Meters,2:35.27,"Jan 25, 2020"
Connor Melko,1500 Meters,3:52.61,"Mar 23-25, 2023"
Connor Melko,1500 Meters,3:48.13,"May  6, 2021"
Connor Melko,1500 Meters,3:55.77,"Apr  3, 2021"
Connor Melko,1500 Meters,3:59.66,"Mar 27, 2021"
Connor Melko,1500 Meters,3:52.88,"Mar 21, 2021"
Connor Melko,Mile,4:08.55,"Feb 11, 2023"
Connor Melko,Mile,4:10.12,"Feb  3- 4, 2023"
Connor Melko,Mile,4:14.42,"Jan 28, 2023"
Connor Melko,Mile,4:14.39,"Feb  4- 5, 2022"
Connor Melko,Mile,4:15.58,"Jan 29, 2022"
Connor Melko,Mile,DNS,"Feb 21, 2021"
Connor Melko,Mile,4:17.02,"Feb  7, 2020"
Connor Melko,3000 Meters,8:32.03,"Feb 25-26, 2023"
Connor Melko,3000 Meters,8:10.99,"Feb  3- 4, 2023"
Connor Melko,3000 Meters,DNF,"Jan 14, 2023"
Connor Melko,3000 Meters,8:28.48,"Feb 26-27, 2022"
Connor Melko,3000 Meters,8:17.95,"Feb 11-12, 2022"
Connor Melko,3000 Meters,8:32.32,"Feb  1, 2020"
Connor Melko,5000 Meters,14:15.73,"May 14-16, 2021"
Connor Melko,5000 Meters,14:25.35,"Apr 30-May  1, 2021"
Connor Melko,5000 Meters,14:27.92,"Apr 11, 2021"
Connor Melko,4 x 400 Relay,3:25.00,"Jan 14, 2023"
Connor Melko,4 x 400 Relay,3:30.65,"Feb  7, 2020"
Connor Melko,4 x 800 Relay,7:36.69,"Feb 25-26, 2023"
Connor Melko,4 x 800 Relay,8:04.23,"Jan 28, 2023"
Connor Melko,4 x 800 Relay,7:37.69,"Feb 26-27, 2022"
Connor Melko,4 x 800 Relay,8:12.66,"Dec  3- 4, 2021"
Connor Melko,Distance Medley Relay,9:57.69,"Feb  4- 5, 2022"
Connor Melko,Distance Medley Relay,10:08.28,"Feb 29-Mar  1, 2020"
Connor Melko,5k,14:47.0,"Feb 13, 2021"
Connor Melko,6k,18:36.6,"Sep  2, 2022"
Connor Melko,6k,18:18.0,"Sep  3, 2021"
Connor Melko,6k,19:14.1,"Aug 30, 2019"
Connor Melko,6.4k,21:56.7,"Sep  7, 2019"
Connor Melko,8k,24:21.5,"Sep 30, 2022"
Connor Melko,8k,26:00.8,"Oct 31, 2021"
Connor Melko,8k,25:09.9,"Oct 16, 2021"
Connor Melko,8k,25:00.5,"Oct  1, 2021"
Connor Melko,8k,25:24.4,"Sep 18, 2021"
Connor Melko,8k,26:59.0,"Nov  2, 2019"
Connor Melko,8k,25:30.4,"Oct  5, 2019"
Connor Melko,8k,DNS,"Sep 20, 2019"
Connor Melko,8k,25:39.0,"Sep 14, 2019"
Connor Melko,8.05k,25:42.3,"Oct 29, 2022"
Connor Melko,10k,32:20.7,"Nov 12, 2021"
Connor Melko,4.7 Mile,22:40.5,"Mar  5, 2021"
Connor Melko,4.97 Mile,25:37.2,"Sep 16, 2022"
Connor Melko,5.2 Mile,DNS,"Oct 14, 2022"
Connor Melko,5.2 Mile,27:21.1,"Oct 18, 2019"
Skyler Mott,High Jump,2.02m,"Feb 25-26, 2023"
Skyler Mott,High Jump,1.96m,"Feb 17, 2023"
Skyler Mott,High Jump,2.01m,"Feb 11, 2023"
Skyler Mott,High Jump,2.04m,"Feb  3- 4, 2023"
Skyler Mott,High Jump,1.85m,"Dec  2- 3, 2022"
Skyler Mott,High Jump,1.97m,"Feb 26-27, 2022"
Skyler Mott,High Jump,1.94m,"Feb 18, 2022"
Skyler Mott,High Jump,1.90m,"Feb 11-12, 2022"
Skyler Mott,High Jump,1.95m,"Feb  4- 5, 2022"
Skyler Mott,High Jump,1.90m,"Jan 29, 2022"
Skyler Mott,High Jump,1.85m,"Jan 15, 2022"
Skyler Mott,Long Jump,5.88m,"Jan 21, 2023"
Skyler Mott,Long Jump,6.00m,"Dec  2- 3, 2022"
Skyler Mott,Triple Jump,13.67m,"Feb 25-26, 2023"
Skyler Mott,Triple Jump,13.31m,"Feb 17, 2023"
Skyler Mott,Triple Jump,12.91m,"Feb 11, 2023"
Skyler Mott,Triple Jump,12.60m,"Feb  3- 4, 2023"
Skyler Mott,Triple Jump,12.99m,"Jan 28, 2023"
Skyler Mott,Triple Jump,12.87m,"Jan 21, 2023"
Skyler Mott,Triple Jump,12.85m,"Dec  2- 3, 2022"
Skyler Mott,Triple Jump,13.20m,"Feb 26-27, 2022"
Skyler Mott,Triple Jump,12.96m,"Feb 18, 2022"
Skyler Mott,Triple Jump,12.71m,"Jan 29, 2022"
Skyler Mott,Triple Jump,12.60m,"Jan 22, 2022"
Skyler Mott,Triple Jump,13.10m,"Jan 15, 2022"
Achilles Mouzakis,Shot Put,12.57m,"Jan 14, 2023"
Achilles Mouzakis,Shot Put,11.86m,"Dec  2- 3, 2022"
Achilles Mouzakis,Shot Put,11.79m,"Dec  3- 4, 2021"
Achilles Mouzakis,Shot Put,11.14m,"Feb 21, 2021"
Achilles Mouzakis,Discus,DNS,"Apr  7- 8, 2023"
Achilles Mouzakis,Discus,35.65m,"Apr  1, 2023"
Achilles Mouzakis,Discus,36.51m,"Mar 24-25, 2023"
Achilles Mouzakis,Discus,41.19m,"Apr 29-30, 2022"
Achilles Mouzakis,Discus,37.79m,"Apr 23, 2022"
Achilles Mouzakis,Discus,37.89m,"Apr 15, 2022"
Achilles Mouzakis,Discus,36.34m,"Apr  9, 2022"
Achilles Mouzakis,Discus,37.57m,"Apr  2, 2022"
Achilles Mouzakis,Discus,32.05m,"Apr  3, 2021"
Achilles Mouzakis,Discus,35.68m,"Mar 27, 2021"
Achilles Mouzakis,Discus,32.85m,"Mar 21, 2021"
Achilles Mouzakis,Hammer,53.02m,"Apr  7- 8, 2023"
Achilles Mouzakis,Hammer,55.01m,"Apr  1, 2023"
Achilles Mouzakis,Hammer,52.81m,"Mar 24-25, 2023"
Achilles Mouzakis,Hammer,52.35m,"May 13-15, 2022"
Achilles Mouzakis,Hammer,54.75m,"May  6- 7, 2022"
Achilles Mouzakis,Hammer,52.65m,"Apr 29-30, 2022"
Achilles Mouzakis,Hammer,51.24m,"Apr 23, 2022"
Achilles Mouzakis,Hammer,48.20m,"Apr 15, 2022"
Achilles Mouzakis,Hammer,50.42m,"Apr  9, 2022"
Achilles Mouzakis,Hammer,52.80m,"Apr  2, 2022"
Achilles Mouzakis,Hammer,51.44m,"Mar 26, 2022"
Achilles Mouzakis,Hammer,48.97m,"Apr 17, 2021"
Achilles Mouzakis,Hammer,47.74m,"Apr 11, 2021"
Achilles Mouzakis,Hammer,47.40m,"Apr  3, 2021"
Achilles Mouzakis,Hammer,45.71m,"Mar 27, 2021"
Achilles Mouzakis,Hammer,45.32m,"Mar 21, 2021"
Achilles Mouzakis,Weight Throw,16.15m,"Feb 25-26, 2023"
Achilles Mouzakis,Weight Throw,16.48m,"Feb 19, 2023"
Achilles Mouzakis,Weight Throw,15.39m,"Feb 11, 2023"
Achilles Mouzakis,Weight Throw,16.57m,"Jan 28, 2023"
Achilles Mouzakis,Weight Throw,16.09m,"Jan 14, 2023"
Achilles Mouzakis,Weight Throw,16.26m,"Dec  2- 3, 2022"
Achilles Mouzakis,Weight Throw,15.99m,"Feb 26-27, 2022"
Achilles Mouzakis,Weight Throw,16.25m,"Feb 18, 2022"
Achilles Mouzakis,Weight Throw,16.17m,"Feb 11-12, 2022"
Achilles Mouzakis,Weight Throw,15.04m,"Feb  4- 5, 2022"
Achilles Mouzakis,Weight Throw,15.17m,"Jan 29, 2022"
Achilles Mouzakis,Weight Throw,14.81m,"Jan 22, 2022"
Achilles Mouzakis,Weight Throw,14.72m,"Jan 15, 2022"
Achilles Mouzakis,Weight Throw,14.96m,"Dec  3- 4, 2021"
Achilles Mouzakis,Weight Throw,12.95m,"Feb 27, 2021"
Achilles Mouzakis,Weight Throw,13.02m,"Feb 21, 2021"
Jack Murphy,60 Meters,7.90,"Jan 22, 2022"
Jack Murphy,60 Meters,7.91,"Dec  3- 4, 2021"
Jack Murphy,100 Meters,12.50,"Apr 14-16, 2022"
Jack Murphy,400 Meters,55.42,"Jan 29, 2022"
Jack Murphy,1000 Meters,2:51.33,"Dec  3- 4, 2021"
Jack Murphy,1500 Meters,4:27.79,"Apr 14-16, 2022"
Jack Murphy,60 Hurdles,9.69,"Feb 18, 2022"
Jack Murphy,60 Hurdles,9.93,"Jan 22, 2022"
Jack Murphy,60 Hurdles,10.01,"Jan 15, 2022"
Jack Murphy,60 Hurdles,9.94,"Dec  3- 4, 2021"
Jack Murphy,110 Hurdles,19.78,"Apr 14-16, 2022"
Jack Murphy,110 Hurdles,18.94,"Mar 26, 2022"
Jack Murphy,400 Hurdles,58.07,"Apr 14-16, 2023"
Jack Murphy,400 Hurdles,58.11,"Apr  1, 2023"
Jack Murphy,400 Hurdles,57.72,"Mar 24-25, 2023"
Jack Murphy,400 Hurdles,1:00.08,"May  6- 7, 2022"
Jack Murphy,400 Hurdles,58.39,"May  6- 7, 2022"
Jack Murphy,400 Hurdles,59.13,"Apr 23, 2022"
Jack Murphy,4 x 400 Relay,3:38.11,"Jan 14, 2023"
Jack Murphy,High Jump,1.64m,"Feb 18, 2022"
Jack Murphy,High Jump,NH,"Feb 11-12, 2022"
Jack Murphy,High Jump,1.60m,"Jan 15, 2022"
Jack Murphy,High Jump,1.61m,"Dec  3- 4, 2021"
Jack Murphy,Pole Vault,4.10m,"Feb 25-26, 2023"
Jack Murphy,Pole Vault,NH,"Feb 17, 2023"
Jack Murphy,Pole Vault,4.30m,"Feb 11, 2023"
Jack Murphy,Pole Vault,4.40m,"Feb  3- 4, 2023"
Jack Murphy,Pole Vault,4.23m,"Jan 28, 2023"
Jack Murphy,Pole Vault,4.30m,"Jan 21, 2023"
Jack Murphy,Pole Vault,NH,"Jan 21, 2023"
Jack Murphy,Pole Vault,4.26m,"Jan 14, 2023"
Jack Murphy,Pole Vault,4.10m,"Dec  2- 3, 2022"
Jack Murphy,Pole Vault,3.90m,"Feb 18, 2022"
Jack Murphy,Pole Vault,3.95m,"Feb 11-12, 2022"
Jack Murphy,Pole Vault,3.80m,"Jan 29, 2022"
Jack Murphy,Pole Vault,3.66m,"Jan 22, 2022"
Jack Murphy,Pole Vault,3.95m,"Jan 15, 2022"
Jack Murphy,Pole Vault,3.84m,"Dec  3- 4, 2021"
Jack Murphy,Long Jump,5.16m,"Dec  3- 4, 2021"
Jack Murphy,Shot Put,8.92m,"Dec  3- 4, 2021"
Jack Murphy,Discus,26.57m,"Apr 14-16, 2022"
Jack Murphy,Discus,29.63m,"Apr  9, 2022"
Jack Murphy,Javelin,40.69m,"Apr 14-16, 2022"
Jack Murphy,Heptathlon,3765,"Dec  3- 4, 2021"
Jack Murphy,Decathlon,5138,"Apr 14-16, 2022"
Joe Nowakowski,Shot Put,13.51m,"Feb 25-26, 2023"
Joe Nowakowski,Shot Put,13.94m,"Feb 19, 2023"
Joe Nowakowski,Shot Put,14.20m,"Feb 11, 2023"
Joe Nowakowski,Shot Put,13.94m,"Feb  5, 2023"
Joe Nowakowski,Shot Put,13.81m,"Jan 28, 2023"
Joe Nowakowski,Shot Put,13.33m,"Jan 21, 2023"
Joe Nowakowski,Shot Put,13.73m,"Jan 14, 2023"
Joe Nowakowski,Shot Put,13.68m,"Dec  2- 3, 2022"
Joe Nowakowski,Weight Throw,12.07m,"Jan 14, 2023"
Joe Nowakowski,Weight Throw,12.65m,"Dec  2- 3, 2022"
Brittann Pierce,High Jump,1.97m,"Feb 25-26, 2023"
Brittann Pierce,High Jump,1.86m,"Feb 17, 2023"
Brittann Pierce,High Jump,1.81m,"Feb 11, 2023"
Brittann Pierce,High Jump,NH,"Feb  3- 4, 2023"
Brittann Pierce,High Jump,1.92m,"Jan 28, 2023"
Brittann Pierce,High Jump,1.88m,"Jan 21, 2023"
Brittann Pierce,High Jump,1.80m,"Jan 14, 2023"
Brittann Pierce,High Jump,1.85m,"Dec  2- 3, 2022"
Brittann Pierce,High Jump,1.84m,"Feb 18, 2022"
Brittann Pierce,High Jump,NH,"Feb 11-12, 2022"
Brittann Pierce,High Jump,NH,"Feb  4- 5, 2022"
Brittann Pierce,High Jump,NH,"Jan 22, 2022"
Brittann Pierce,High Jump,1.85m,"Jan 15, 2022"
Brittann Pierce,High Jump,1.85m,"Dec  3- 4, 2021"
Brittann Pierce,High Jump,1.85m,"Feb 27, 2021"
Brittann Pierce,High Jump,1.90m,"Feb 21, 2021"
Brittann Pierce,High Jump,1.90m,"Feb 29-Mar  1, 2020"
Brittann Pierce,High Jump,1.90m,"Feb 21, 2020"
Brittann Pierce,High Jump,1.85m,"Feb 14-15, 2020"
Brittann Pierce,High Jump,NH,"Feb  7, 2020"
Brittann Pierce,High Jump,NH,"Feb  1, 2020"
Brittann Pierce,High Jump,1.85m,"Jan 25, 2020"
Brittann Pierce,High Jump,1.85m,"Jan 18, 2020"
Brittann Pierce,High Jump,1.85m,"Jan 11, 2020"
Brittann Pierce,High Jump,1.85m,"Dec  6- 7, 2019"
Brittann Pierce,Long Jump,5.81m,"Feb 21, 2021"
Vincent Polignano,60 Hurdles,8.89,"Feb 17, 2023"
Vincent Polignano,60 Hurdles,9.05,"Feb 17, 2023"
Vincent Polignano,60 Hurdles,9.07,"Feb 11, 2023"
Vincent Polignano,60 Hurdles,9.07,"Feb  3- 4, 2023"
Vincent Polignano,60 Hurdles,9.01,"Jan 28, 2023"
Vincent Polignano,60 Hurdles,9.00,"Feb 18, 2022"
Vincent Polignano,60 Hurdles,8.91,"Jan 15, 2022"
Vincent Polignano,60 Hurdles,8.85,"Dec  3- 4, 2021"
Vincent Polignano,60 Hurdles,8.78,"Feb 21, 2020"
Vincent Polignano,60 Hurdles,8.91,"Feb 14-15, 2020"
Vincent Polignano,60 Hurdles,9.03,"Feb  7, 2020"
Vincent Polignano,60 Hurdles,8.79,"Feb  1, 2020"
Vincent Polignano,60 Hurdles,8.93,"Jan 18, 2020"
Vincent Polignano,60 Hurdles,8.97,"Jan 11, 2020"
Vincent Polignano,60 Hurdles,9.17,"Jan 12, 2019"
Vincent Polignano,110 Hurdles,16.63,"Apr 14-16, 2023"
Vincent Polignano,110 Hurdles,DNS,"Apr  7- 8, 2023"
Vincent Polignano,110 Hurdles,16.67,"Apr  1, 2023"
Vincent Polignano,110 Hurdles,16.64,"Mar 24-25, 2023"
Vincent Polignano,400 Hurdles,1:00.41,"Apr 14-16, 2023"
Vincent Polignano,400 Hurdles,59.99,"Apr  1, 2023"
Vincent Polignano,400 Hurdles,1:05.56,"Mar 24-25, 2023"
Vincent Polignano,400 Hurdles,1:00.06,"Mar 26, 2022"
Vincent Polignano,400 Hurdles,57.13,"Apr 17, 2021"
Vincent Polignano,400 Hurdles,59.47,"Apr 11, 2021"
Vincent Polignano,400 Hurdles,58.76,"May  3- 4, 2019"
Vincent Polignano,400 Hurdles,58.16,"Apr 13-14, 2019"
Vincent Polignano,400 Hurdles,58.78,"Apr  6, 2019"
Vincent Polignano,4 x 400 Relay,3:38.24,"Jan 15, 2022"
Vincent Polignano,4 x 400 Relay,3:34.62,"Feb  2, 2019"
Vincent Polignano,4 x 800 Relay,DNF,"Dec  7- 8, 2018"
Vincent Polignano,High Jump,NH,"Feb 17, 2023"
Vincent Polignano,High Jump,1.81m,"Feb 11, 2023"
Vincent Polignano,High Jump,1.84m,"Feb  3- 4, 2023"
Vincent Polignano,High Jump,1.83m,"Jan 21, 2023"
Vincent Polignano,High Jump,1.80m,"Jan 14, 2023"
Vincent Polignano,High Jump,1.85m,"Dec  2- 3, 2022"
Vincent Polignano,High Jump,1.79m,"Feb 18, 2022"
Vincent Polignano,High Jump,1.85m,"Feb 11-12, 2022"
Vincent Polignano,High Jump,NH,"Jan 22, 2022"
Vincent Polignano,High Jump,1.80m,"Jan 15, 2022"
Vincent Polignano,High Jump,1.85m,"Dec  3- 4, 2021"
Vincent Polignano,High Jump,1.90m,"Feb 29-Mar  1, 2020"
Vincent Polignano,High Jump,1.85m,"Feb 21, 2020"
Vincent Polignano,High Jump,NH,"Feb 14-15, 2020"
Vincent Polignano,High Jump,NH,"Feb  7, 2020"
Vincent Polignano,High Jump,NH,"Feb  1, 2020"
Vincent Polignano,High Jump,1.90m,"Jan 25, 2020"
Vincent Polignano,High Jump,1.83m,"Jan 18, 2020"
Vincent Polignano,High Jump,1.80m,"Jan 11, 2020"
Vincent Polignano,High Jump,1.80m,"Dec  6- 7, 2019"
Vincent Polignano,High Jump,1.89m,"Feb 16-17, 2019"
Vincent Polignano,High Jump,1.90m,"Feb  8, 2019"
Vincent Polignano,High Jump,1.92m,"Feb  2, 2019"
Vincent Polignano,High Jump,1.90m,"Jan 26, 2019"
Vincent Polignano,High Jump,1.93m,"Jan 19, 2019"
Vincent Polignano,High Jump,1.88m,"Jan 12, 2019"
Vincent Polignano,High Jump,1.95m,"Dec  7- 8, 2018"
Vincent Polignano,High Jump,1.90m,"Dec  1, 2018"
Vincent Polignano,Triple Jump,11.72m,"Jan 29, 2022"
Vincent Polignano,Triple Jump,11.14m,"Jan 19, 2019"
Conor Reilly,60 Meters,7.43,"Jan 14, 2023"
Conor Reilly,Pole Vault,4.70m,"Feb 25-26, 2023"
Conor Reilly,Pole Vault,4.60m,"Feb 11, 2023"
Conor Reilly,Pole Vault,4.55m,"Feb  3- 4, 2023"
Conor Reilly,Pole Vault,4.83m,"Jan 28, 2023"
Conor Reilly,Pole Vault,4.65m,"Jan 21, 2023"
Conor Reilly,Pole Vault,4.71m,"Jan 14, 2023"
Conor Reilly,Pole Vault,4.70m,"Dec  2- 3, 2022"
Conor Reilly,Pole Vault,NH,"Jan 15, 2022"
Conor Reilly,Pole Vault,4.25m,"Feb 27, 2021"
Conor Reilly,Pole Vault,15',"Feb 21, 2021"
Hunter Rodarmel,60 Meters,8.45,"Jan 21, 2023"
Hunter Rodarmel,60 Meters,8.49,"Jan 14, 2023"
Hunter Rodarmel,Shot Put,11.40m,"Jan 21, 2023"
Hunter Rodarmel,Shot Put,11.48m,"Jan 14, 2023"
Hunter Rodarmel,Shot Put,10.22m,"Dec  2- 3, 2022"
Hunter Rodarmel,Shot Put,11.62m,"Jan 29, 2022"
Hunter Rodarmel,Shot Put,10.86m,"Jan 22, 2022"
Hunter Rodarmel,Shot Put,11.57m,"Jan 15, 2022"
Hunter Rodarmel,Shot Put,11.51m,"Dec  3- 4, 2021"
Hunter Rodarmel,Hammer,NM,"Apr  7- 8, 2023"
Hunter Rodarmel,Hammer,35.51m,"Apr 23, 2022"
Hunter Rodarmel,Hammer,32.88m,"Apr  9, 2022"
Hunter Rodarmel,Weight Throw,11.23m,"Jan 21, 2023"
Hunter Rodarmel,Weight Throw,12.04m,"Jan 14, 2023"
Hunter Rodarmel,Weight Throw,12.15m,"Dec  2- 3, 2022"
Hunter Rodarmel,Weight Throw,13.05m,"Feb 11-12, 2022"
Hunter Rodarmel,Weight Throw,11.56m,"Jan 22, 2022"
Hunter Rodarmel,Weight Throw,12.28m,"Jan 15, 2022"
Hunter Rodarmel,Weight Throw,12.12m,"Dec  3- 4, 2021"
Hunter Rodarmel,Javelin,56.48m,"Apr 14-16, 2023"
Hunter Rodarmel,Javelin,57.29m,"Apr  7- 8, 2023"
Hunter Rodarmel,Javelin,53.02m,"Apr  1, 2023"
Hunter Rodarmel,Javelin,50.00m,"Mar 24-25, 2023"
Hunter Rodarmel,Javelin,55.58m,"Mar 18, 2023"
Hunter Rodarmel,Javelin,47.51m,"May  6- 7, 2022"
Hunter Rodarmel,Javelin,53.28m,"Apr 29-30, 2022"
Hunter Rodarmel,Javelin,55.19m,"Apr 23, 2022"
Hunter Rodarmel,Javelin,51.34m,"Apr 15, 2022"
Hunter Rodarmel,Javelin,48.29m,"Apr  9, 2022"
Hunter Rodarmel,Javelin,48.36m,"Apr  2, 2022"
Hunter Rodarmel,Javelin,51.05m,"Mar 26, 2022"
Hunter Rodarmel,Javelin,49.41m,"Mar 19, 2022"
Andrew Roman,60 Meters,7.13,"Feb 25-26, 2023"
Andrew Roman,60 Meters,7.14,"Feb 17, 2023"
Andrew Roman,60 Meters,7.17,"Feb 17, 2023"
Andrew Roman,60 Meters,7.20,"Feb 11, 2023"
Andrew Roman,60 Meters,7.15,"Feb 11, 2023"
Andrew Roman,60 Meters,7.18,"Feb  3- 4, 2023"
Andrew Roman,60 Meters,7.14,"Jan 28, 2023"
Andrew Roman,60 Meters,7.21,"Jan 14, 2023"
Andrew Roman,60 Meters,7.15,"Dec  2- 3, 2022"
Andrew Roman,60 Meters,7.19,"Dec  2- 3, 2022"
Andrew Roman,60 Meters,7.25,"Feb 18, 2022"
Andrew Roman,60 Meters,7.28,"Feb 18, 2022"
Andrew Roman,60 Meters,7.34,"Feb 11-12, 2022"
Andrew Roman,60 Meters,7.26,"Jan 29, 2022"
Andrew Roman,60 Meters,7.43,"Jan 22, 2022"
Andrew Roman,60 Meters,7.37,"Jan 15, 2022"
Andrew Roman,60 Meters,7.57,"Dec  3- 4, 2021"
Andrew Roman,60 Meters,7.51,"Feb 21, 2020"
Andrew Roman,60 Meters,7.26,"Feb  1, 2020"
Andrew Roman,60 Meters,DNS,"Jan 11, 2020"
Andrew Roman,60 Meters,7.13,"Dec  6- 7, 2019"
Andrew Roman,60 Meters,7.16,"Dec  6- 7, 2019"
Andrew Roman,100 Meters,11.38,"Apr 14-16, 2023"
Andrew Roman,100 Meters,DNS,"Apr  7- 8, 2023"
Andrew Roman,100 Meters,11.13,"May  6- 7, 2022"
Andrew Roman,100 Meters,11.43,"Apr 29-30, 2022"
Andrew Roman,100 Meters,11.25,"Apr 14-16, 2022"
Andrew Roman,100 Meters,11.28,"Apr  9, 2022"
Andrew Roman,100 Meters,11.18,"Apr  2, 2022"
Andrew Roman,100 Meters,11.33,"Mar 26, 2022"
Andrew Roman,100 Meters,DNS,"Mar 21, 2021"
Andrew Roman,200 Meters,22.72,"Feb 25-26, 2023"
Andrew Roman,200 Meters,22.93,"Feb 17, 2023"
Andrew Roman,200 Meters,22.79,"Feb 11, 2023"
Andrew Roman,200 Meters,22.95,"Feb  3- 4, 2023"
Andrew Roman,200 Meters,23.02,"Jan 28, 2023"
Andrew Roman,200 Meters,23.31,"Jan 14, 2023"
Andrew Roman,200 Meters,23.13,"Feb 18, 2022"
Andrew Roman,200 Meters,23.46,"Feb 11-12, 2022"
Andrew Roman,200 Meters,24.30,"Jan 15, 2022"
Andrew Roman,200 Meters,25.71,"Dec  3- 4, 2021"
Andrew Roman,200 Meters,DNS,"Feb  1, 2020"
Andrew Roman,200 Meters,23.46,"Jan 11, 2020"
Andrew Roman,200 Meters,23.41,"Dec  6- 7, 2019"
Andrew Roman,400 Meters,51.93,"Mar 18, 2023"
Andrew Roman,4 x 100 Relay,42.69,"Apr 14-16, 2023"
Andrew Roman,4 x 100 Relay,DNF,"Apr  7- 8, 2023"
Andrew Roman,4 x 100 Relay,43.61,"Apr  1, 2023"
Andrew Roman,4 x 100 Relay,43.63,"Mar 24-25, 2023"
Andrew Roman,4 x 100 Relay,44.70,"May  6- 7, 2022"
Andrew Roman,4 x 100 Relay,DNS,"Apr 29-30, 2022"
Andrew Roman,4 x 100 Relay,43.80,"Apr 28-30, 2022"
Andrew Roman,4 x 100 Relay,43.80,"Apr 23, 2022"
Andrew Roman,4 x 100 Relay,43.27,"Apr  9, 2022"
Andrew Roman,4 x 100 Relay,44.34,"Apr  2, 2022"
Andrew Roman,4 x 100 Relay,43.58,"Mar 26, 2022"
Andrew Roman,4 x 100 Relay,43.73,"Apr  3, 2021"
Andrew Roman,4 x 100 Relay,DNF,"Mar 21, 2021"
Andrew Roman,4 x 400 Relay,3:27.98,"Dec  2- 3, 2022"
Ian Scott,60 Meters,7.45,"Dec  6- 7, 2019"
Ian Scott,100 Meters,13.34,"Mar 24-25, 2023"
Ian Scott,100 Meters,11.67,"Mar 18, 2023"
Ian Scott,1000 Meters,3:11.52,"Dec  6- 7, 2019"
Ian Scott,60 Hurdles,10.05,"Feb 14-15, 2020"
Ian Scott,60 Hurdles,9.14,"Jan 18, 2020"
Ian Scott,60 Hurdles,9.04,"Jan 11, 2020"
Ian Scott,60 Hurdles,9.64,"Dec  6- 7, 2019"
Ian Scott,4 x 400 Relay,3:36.44,"Feb 14-15, 2020"
Ian Scott,High Jump,1.97m,"Feb 25-26, 2023"
Ian Scott,High Jump,1.91m,"Feb 11, 2023"
Ian Scott,High Jump,1.92m,"Jan 28, 2023"
Ian Scott,High Jump,1.95m,"Jan 21, 2023"
Ian Scott,High Jump,1.95m,"Jan 14, 2023"
Ian Scott,High Jump,1.90m,"Dec  2- 3, 2022"
Ian Scott,High Jump,1.97m,"Feb 26-27, 2022"
Ian Scott,High Jump,1.90m,"Feb 11-12, 2022"
Ian Scott,High Jump,NH,"Feb  4- 5, 2022"
Ian Scott,High Jump,2.00m,"Jan 29, 2022"
Ian Scott,High Jump,NH,"Jan 22, 2022"
Ian Scott,High Jump,1.90m,"Jan 15, 2022"
Ian Scott,High Jump,1.85m,"Dec  3- 4, 2021"
Ian Scott,High Jump,1.90m,"Feb 27, 2021"
Ian Scott,High Jump,2.00m,"Feb 21, 2021"
Ian Scott,High Jump,1.85m,"Feb 29-Mar  1, 2020"
Ian Scott,High Jump,1.95m,"Feb 21, 2020"
Ian Scott,High Jump,NH,"Feb  7, 2020"
Ian Scott,High Jump,DNS,"Feb  1, 2020"
Ian Scott,High Jump,1.85m,"Jan 18, 2020"
Ian Scott,High Jump,1.95m,"Jan 11, 2020"
Ian Scott,High Jump,1.89m,"Dec  6- 7, 2019"
Ian Scott,Pole Vault,2.65m,"Dec  6- 7, 2019"
Ian Scott,Long Jump,6.90m,"Feb 25-26, 2023"
Ian Scott,Long Jump,6.73m,"Feb 11, 2023"
Ian Scott,Long Jump,6.70m,"Jan 28, 2023"
Ian Scott,Long Jump,NM,"Jan 14, 2023"
Ian Scott,Long Jump,6.70m,"Dec  2- 3, 2022"
Ian Scott,Long Jump,6.62m,"Feb 26-27, 2022"
Ian Scott,Long Jump,6.46m,"Feb  4- 5, 2022"
Ian Scott,Long Jump,6.95m,"Jan 29, 2022"
Ian Scott,Long Jump,6.65m,"Jan 22, 2022"
Ian Scott,Long Jump,6.65m,"Dec  3- 4, 2021"
Ian Scott,Long Jump,6.34m,"Feb 27, 2021"
Ian Scott,Long Jump,6.48m,"Feb 21, 2021"
Ian Scott,Long Jump,6.47m,"Feb 29-Mar  1, 2020"
Ian Scott,Long Jump,6.40m,"Feb 21, 2020"
Ian Scott,Long Jump,6.31m,"Feb 14-15, 2020"
Ian Scott,Long Jump,6.52m,"Feb  7, 2020"
Ian Scott,Long Jump,DNS,"Feb  1, 2020"
Ian Scott,Long Jump,6.71m,"Jan 25, 2020"
Ian Scott,Long Jump,6.24m,"Dec  6- 7, 2019"
Ian Scott,Triple Jump,14.86m,"Feb 25-26, 2023"
Ian Scott,Triple Jump,14.73m,"Feb 17, 2023"
Ian Scott,Triple Jump,14.24m,"Jan 21, 2023"
Ian Scott,Triple Jump,13.49m,"Dec  2- 3, 2022"
Ian Scott,Triple Jump,14.62m,"Feb 26-27, 2022"
Ian Scott,Triple Jump,13.71m,"Feb 11-12, 2022"
Ian Scott,Triple Jump,13.84m,"Jan 29, 2022"
Ian Scott,Triple Jump,13.86m,"Jan 22, 2022"
Ian Scott,Triple Jump,13.74m,"Jan 15, 2022"
Ian Scott,Triple Jump,13.40m,"Dec  3- 4, 2021"
Ian Scott,Triple Jump,13.44m,"Feb 27, 2021"
Ian Scott,Triple Jump,13.21m,"Feb 29-Mar  1, 2020"
Ian Scott,Triple Jump,13.06m,"Feb 21, 2020"
Ian Scott,Triple Jump,13.40m,"Feb 14-15, 2020"
Ian Scott,Triple Jump,11.78m,"Feb  7, 2020"
Ian Scott,Triple Jump,DNS,"Feb  1, 2020"
Ian Scott,Triple Jump,13.89m,"Jan 25, 2020"
Ian Scott,Triple Jump,13.91m,"Jan 11, 2020"
Ian Scott,Triple Jump,13.34m,"Dec  6- 7, 2019"
Ian Scott,Shot Put,8.94m,"Dec  6- 7, 2019"
Ian Scott,Heptathlon,3932,"Dec  6- 7, 2019"
Sharan Shankar,Shot Put,11.45m,"Feb 19, 2023"
Sharan Shankar,Shot Put,11.84m,"Feb 11, 2023"
Sharan Shankar,Shot Put,11.18m,"Jan 21, 2023"
Sharan Shankar,Shot Put,12.68m,"Jan 14, 2023"
Sharan Shankar,Shot Put,12.98m,"Dec  2- 3, 2022"
Sharan Shankar,Hammer,42.29m,"Apr  7- 8, 2023"
Sharan Shankar,Hammer,FOUL,"Apr  1, 2023"
Sharan Shankar,Hammer,37.20m,"Mar 24-25, 2023"
Sharan Shankar,Hammer,38.14m,"Mar 18, 2023"
Sharan Shankar,Weight Throw,10.59m,"Jan 21, 2023"
Sharan Shankar,Weight Throw,10.99m,"Jan 14, 2023"
Sharan Shankar,Weight Throw,11.72m,"Dec  2- 3, 2022"
John Siani,60 Meters,7.29,"Feb 25-26, 2023"
John Siani,60 Meters,7.06,"Jan 28, 2023"
John Siani,60 Meters,7.31,"Jan 21, 2023"
John Siani,60 Meters,7.22,"Jan 14, 2023"
John Siani,60 Meters,7.14,"Dec  2- 3, 2022"
John Siani,60 Meters,7.16,"Dec  2- 3, 2022"
John Siani,60 Meters,7.34,"Dec  3- 4, 2021"
John Siani,60 Meters,7.47,"Dec  6- 7, 2019"
John Siani,100 Meters,10.93,"Apr 14-16, 2023"
John Siani,100 Meters,11.20,"Apr  7- 8, 2023"
John Siani,100 Meters,11.17,"Apr  1, 2023"
John Siani,100 Meters,11.27,"Mar 24-25, 2023"
John Siani,100 Meters,11.54,"Apr 29-30, 2022"
John Siani,100 Meters,11.48,"Apr  2, 2022"
John Siani,100 Meters,11.99,"Apr 30-May  1, 2021"
John Siani,100 Meters,11.98,"Apr  9, 2021"
John Siani,200 Meters,23.18,"Feb 25-26, 2023"
John Siani,200 Meters,23.84,"Jan 21, 2023"
John Siani,200 Meters,25.01,"Jan 14, 2023"
John Siani,200 Meters,DNS,"Dec  2- 3, 2022"
John Siani,400 Meters,54.69,"Jan 29, 2022"
John Siani,1000 Meters,2:54.99,"Dec  3- 4, 2021"
John Siani,1000 Meters,2:50.38,"Dec  6- 7, 2019"
John Siani,1500 Meters,4:53.43,"Apr 30-May  1, 2021"
John Siani,1500 Meters,5:07.69,"Apr  9, 2021"
John Siani,60 Hurdles,9.51,"Feb 18, 2022"
John Siani,60 Hurdles,DNS,"Jan 15, 2022"
John Siani,60 Hurdles,9.59,"Dec  3- 4, 2021"
John Siani,60 Hurdles,10.57,"Jan 18, 2020"
John Siani,60 Hurdles,11.66,"Jan 11, 2020"
John Siani,60 Hurdles,10.22,"Dec  6- 7, 2019"
John Siani,110 Hurdles,18.22,"Apr  9, 2022"
John Siani,110 Hurdles,19.98,"Apr 30-May  1, 2021"
John Siani,110 Hurdles,20.45,"Apr  9, 2021"
John Siani,110 Hurdles,DNS,"Apr  3, 2021"
John Siani,4 x 100 Relay,42.69,"Apr 14-16, 2023"
John Siani,4 x 100 Relay,DNF,"Apr  7- 8, 2023"
John Siani,4 x 100 Relay,43.61,"Apr  1, 2023"
John Siani,4 x 100 Relay,43.63,"Mar 24-25, 2023"
John Siani,4 x 100 Relay,DNS,"Apr 29-30, 2022"
John Siani,4 x 400 Relay,3:38.11,"Jan 14, 2023"
John Siani,High Jump,NH,"Feb 11-12, 2022"
John Siani,High Jump,1.65m,"Jan 15, 2022"
John Siani,High Jump,1.73m,"Dec  3- 4, 2021"
John Siani,High Jump,NH,"Jan 18, 2020"
John Siani,High Jump,NH,"Jan 11, 2020"
John Siani,High Jump,1.62m,"Dec  6- 7, 2019"
John Siani,Pole Vault,NH,"Feb 11-12, 2022"
John Siani,Pole Vault,NH,"Jan 15, 2022"
John Siani,Pole Vault,NH,"Dec  3- 4, 2021"
John Siani,Pole Vault,2.85m,"Dec  6- 7, 2019"
John Siani,Long Jump,5.47m,"Feb 18, 2022"
John Siani,Long Jump,6.11m,"Jan 29, 2022"
John Siani,Long Jump,5.98m,"Dec  3- 4, 2021"
John Siani,Long Jump,5.45m,"Jan 18, 2020"
John Siani,Long Jump,5.66m,"Jan 11, 2020"
John Siani,Long Jump,5.63m,"Dec  6- 7, 2019"
John Siani,Shot Put,10.07m,"Dec  3- 4, 2021"
John Siani,Shot Put,8.62m,"Dec  6- 7, 2019"
John Siani,Discus,NM,"Apr  9, 2022"
John Siani,Discus,29.20m,"Apr 30-May  1, 2021"
John Siani,Discus,24.20m,"Apr 17, 2021"
John Siani,Discus,22.84m,"Apr  9, 2021"
John Siani,Discus,20.17m,"Apr  3, 2021"
John Siani,Discus,21.30m,"Mar 27, 2021"
John Siani,Javelin,NM,"Apr 29-30, 2022"
John Siani,Javelin,39.93m,"Apr  9, 2022"
John Siani,Javelin,38.35m,"Mar 26, 2022"
John Siani,Javelin,43.66m,"Apr 30-May  1, 2021"
John Siani,Javelin,37.84m,"Apr 24, 2021"
John Siani,Javelin,34.09m,"Apr  9, 2021"
John Siani,Javelin,31.38m,"Apr  3, 2021"
John Siani,Javelin,33.46m,"Mar 21, 2021"
John Siani,Heptathlon,3738,"Dec  3- 4, 2021"
John Siani,Heptathlon,3692,"Dec  6- 7, 2019"
John Siani,Decathlon,4812,"Apr 30-May  1, 2021"
John Siani,Decathlon,4595,"Apr  9, 2021"
Greg Stagliano,Shot Put,10.88m,"Dec  2- 3, 2022"
Greg Stagliano,Shot Put,9.42m,"Dec  3- 4, 2021"
Greg Stagliano,Discus,34.73m,"Apr  7- 8, 2023"
Greg Stagliano,Discus,31.95m,"Mar 18, 2023"
Greg Stagliano,Discus,32.21m,"Apr 29-30, 2022"
Greg Stagliano,Javelin,54.87m,"Apr 14-16, 2023"
Greg Stagliano,Javelin,56.14m,"Apr  7- 8, 2023"
Greg Stagliano,Javelin,53.72m,"Apr  1, 2023"
Greg Stagliano,Javelin,52.47m,"Mar 24-25, 2023"
Greg Stagliano,Javelin,54.55m,"Mar 18, 2023"
Greg Stagliano,Javelin,51.91m,"May  6- 7, 2022"
Greg Stagliano,Javelin,51.83m,"Apr 29-30, 2022"
Greg Stagliano,Javelin,51.46m,"Apr 23, 2022"
Greg Stagliano,Javelin,49.90m,"Apr 15, 2022"
Greg Stagliano,Javelin,49.86m,"Apr  9, 2022"
Greg Stagliano,Javelin,48.65m,"Apr  2, 2022"
Greg Stagliano,Javelin,49.33m,"Mar 26, 2022"
Greg Stagliano,Javelin,50.85m,"Mar 19, 2022"
Dan Stipanov,60 Meters,7.63,"Feb  3- 4, 2023"
Dan Stipanov,100 Meters,DNS,"Apr  7- 8, 2023"
Dan Stipanov,100 Meters,11.86,"Mar 26, 2022"
Dan Stipanov,200 Meters,23.99,"Feb 11, 2023"
Dan Stipanov,200 Meters,24.45,"Jan 28, 2023"
Dan Stipanov,200 Meters,24.30,"Jan 14, 2023"
Dan Stipanov,200 Meters,23.95,"Dec  2- 3, 2022"
Dan Stipanov,200 Meters,24.63,"Jan 15, 2022"
Dan Stipanov,200 Meters,24.20,"Dec  3- 4, 2021"
Dan Stipanov,200 Meters,24.70,"Feb 27, 2021"
Dan Stipanov,60 Hurdles,8.39,"Feb 25-26, 2023"
Dan Stipanov,60 Hurdles,8.44,"Feb 25-26, 2023"
Dan Stipanov,60 Hurdles,8.38,"Feb 17, 2023"
Dan Stipanov,60 Hurdles,8.45,"Feb 17, 2023"
Dan Stipanov,60 Hurdles,8.51,"Feb 11, 2023"
Dan Stipanov,60 Hurdles,8.63,"Feb 11, 2023"
Dan Stipanov,60 Hurdles,8.78,"Feb  3- 4, 2023"
Dan Stipanov,60 Hurdles,8.54,"Jan 28, 2023"
Dan Stipanov,60 Hurdles,8.52,"Jan 21, 2023"
Dan Stipanov,60 Hurdles,8.63,"Jan 21, 2023"
Dan Stipanov,60 Hurdles,8.50,"Jan 14, 2023"
Dan Stipanov,60 Hurdles,8.47,"Dec  2- 3, 2022"
Dan Stipanov,60 Hurdles,8.57,"Dec  2- 3, 2022"
Dan Stipanov,60 Hurdles,8.43,"Feb 26-27, 2022"
Dan Stipanov,60 Hurdles,8.60,"Feb 18, 2022"
Dan Stipanov,60 Hurdles,8.64,"Feb 18, 2022"
Dan Stipanov,60 Hurdles,8.83,"Feb 11-12, 2022"
Dan Stipanov,60 Hurdles,8.61,"Feb  4- 5, 2022"
Dan Stipanov,60 Hurdles,8.53,"Jan 29, 2022"
Dan Stipanov,60 Hurdles,8.66,"Jan 22, 2022"
Dan Stipanov,60 Hurdles,8.73,"Jan 15, 2022"
Dan Stipanov,60 Hurdles,8.69,"Dec  3- 4, 2021"
Dan Stipanov,60 Hurdles,8.67,"Dec  3- 4, 2021"
Dan Stipanov,60 Hurdles,8.83,"Feb 27, 2021"
Dan Stipanov,60 Hurdles,8.90,"Feb 27, 2021"
Dan Stipanov,60 Hurdles,8.96,"Feb 21, 2021"
Dan Stipanov,110 Hurdles,14.90,"Apr  7- 8, 2023"
Dan Stipanov,110 Hurdles,15.34,"Apr  1, 2023"
Dan Stipanov,110 Hurdles,15.11,"Mar 24-25, 2023"
Dan Stipanov,110 Hurdles,15.01,"Apr 29-30, 2022"
Dan Stipanov,110 Hurdles,15.31,"Apr 23, 2022"
Dan Stipanov,110 Hurdles,15.15,"Apr 14-16, 2022"
Dan Stipanov,110 Hurdles,15.72,"Apr  9, 2022"
Dan Stipanov,110 Hurdles,15.48,"Mar 26, 2022"
Dan Stipanov,110 Hurdles,15.64,"Apr 17, 2021"
Dan Stipanov,110 Hurdles,15.41,"Apr 11, 2021"
Dan Stipanov,110 Hurdles,16.14,"Apr  3, 2021"
Dan Stipanov,110 Hurdles,15.40,"Mar 27, 2021"
Dan Stipanov,110 Hurdles,15.95,"Mar 21, 2021"
Dan Stipanov,4 x 100 Relay,DNF,"Apr  7- 8, 2023"
Dan Stipanov,4 x 100 Relay,43.61,"Apr  1, 2023"
Dan Stipanov,4 x 100 Relay,43.63,"Mar 24-25, 2023"
Dan Stipanov,4 x 100 Relay,DNS,"Apr 29-30, 2022"
Dan Stipanov,4 x 100 Relay,43.80,"Apr 28-30, 2022"
Dan Stipanov,4 x 100 Relay,43.80,"Apr 23, 2022"
Dan Stipanov,4 x 100 Relay,43.23,"Apr 24, 2021"
Dan Stipanov,4 x 100 Relay,DQ,"Apr 17, 2021"
Dan Stipanov,4 x 100 Relay,43.65,"Apr 11, 2021"
Dan Stipanov,4 x 400 Relay,DNS,"Dec  2- 3, 2022"
Patrez Thomas,200 Meters,23.12,"Feb  3- 4, 2023"
Patrez Thomas,200 Meters,22.95,"Jan 21, 2023"
Patrez Thomas,200 Meters,23.15,"Dec  2- 3, 2022"
Patrez Thomas,200 Meters,23.32,"Feb 18, 2022"
Patrez Thomas,200 Meters,22.95,"Feb 11-12, 2022"
Patrez Thomas,200 Meters,23.72,"Jan 15, 2022"
Patrez Thomas,400 Meters,50.35,"Feb 25-26, 2023"
Patrez Thomas,400 Meters,50.40,"Feb 11, 2023"
Patrez Thomas,400 Meters,51.07,"Feb  3- 4, 2023"
Patrez Thomas,400 Meters,50.64,"Jan 21, 2023"
Patrez Thomas,400 Meters,52.26,"Jan 14, 2023"
Patrez Thomas,400 Meters,51.76,"Dec  2- 3, 2022"
Patrez Thomas,400 Meters,51.32,"Feb 26-27, 2022"
Patrez Thomas,400 Meters,51.83,"Feb 11-12, 2022"
Patrez Thomas,400 Meters,52.48,"Feb  4- 5, 2022"
Patrez Thomas,400 Meters,53.39,"Jan 15, 2022"
Patrez Thomas,400 Meters,53.68,"Dec  3- 4, 2021"
Patrez Thomas,500 Meters,1:08.04,"Jan 28, 2023"
Patrez Thomas,500 Meters,1:09.74,"Jan 29, 2022"
Patrez Thomas,500 Meters,1:09.31,"Jan 22, 2022"
Patrez Thomas,400 Hurdles,53.45,"Apr 14-16, 2023"
Patrez Thomas,400 Hurdles,55.25,"Apr  1, 2023"
Patrez Thomas,400 Hurdles,54.41,"Mar 24-25, 2023"
Patrez Thomas,400 Hurdles,57.73,"May  6- 7, 2022"
Patrez Thomas,400 Hurdles,56.13,"May  6- 7, 2022"
Patrez Thomas,400 Hurdles,55.13,"Apr 22-23, 2022"
Patrez Thomas,400 Hurdles,55.25,"Apr  2, 2022"
Patrez Thomas,400 Hurdles,56.58,"Mar 26, 2022"
Patrez Thomas,400 Hurdles,56.78,"Mar 19, 2022"
Patrez Thomas,4 x 400 Relay,3:20.10,"Feb 25-26, 2023"
Patrez Thomas,4 x 400 Relay,3:18.62,"Feb 11, 2023"
Patrez Thomas,4 x 400 Relay,3:23.97,"Jan 28, 2023"
Patrez Thomas,4 x 400 Relay,3:24.01,"Jan 21, 2023"
Patrez Thomas,4 x 400 Relay,3:38.11,"Jan 14, 2023"
Patrez Thomas,4 x 400 Relay,3:27.98,"Dec  2- 3, 2022"
Patrez Thomas,4 x 400 Relay,3:25.16,"Feb 26-27, 2022"
Patrez Thomas,4 x 400 Relay,3:25.32,"Feb 18, 2022"
Patrez Thomas,4 x 400 Relay,3:31.84,"Jan 29, 2022"
Patrez Thomas,4 x 400 Relay,3:29.39,"Jan 22, 2022"
Patrez Thomas,4 x 400 Relay,3:38.24,"Jan 15, 2022"
Patrez Thomas,4 x 400 Relay,3:31.78,"Dec  3- 4, 2021"
Tyson Utesch,Pole Vault,4.15m,"Feb 17, 2023"
Tyson Utesch,Pole Vault,4.00m,"Feb 11, 2023"
Tyson Utesch,Pole Vault,4.10m,"Feb  3- 4, 2023"
Tyson Utesch,Pole Vault,3.96m,"Jan 21, 2023"
Tyson Utesch,Pole Vault,3.96m,"Jan 14, 2023"
Tyson Utesch,Pole Vault,3.95m,"Dec  2- 3, 2022"
Riley Williamson,800 Meters,2:06.71,"Mar 24-25, 2023"
Riley Williamson,1500 Meters,4:13.16,"Mar 24-25, 2023"
Riley Williamson,1500 Meters,4:07.37,"Apr 23, 2022"
Riley Williamson,1500 Meters,4:16.59,"Apr 17, 2021"
Riley Williamson,1500 Meters,4:14.52,"Mar 27, 2021"
Riley Williamson,Mile,4:34.94,"Feb 17, 2023"
Riley Williamson,Mile,4:29.70,"Feb 11, 2023"
Riley Williamson,Mile,4:37.19,"Jan 21, 2023"
Riley Williamson,Mile,4:39.98,"Feb 18, 2022"
Riley Williamson,Mile,4:41.04,"Feb 21, 2021"
Riley Williamson,Mile,4:41.96,"Feb 21, 2020"
Riley Williamson,3000 Meters,8:53.83,"Feb  3- 4, 2023"
Riley Williamson,3000 Meters,8:55.19,"Jan 28, 2023"
Riley Williamson,3000 Meters,9:09.55,"Jan 14, 2023"
Riley Williamson,3000 Meters,9:03.98,"Feb 11-12, 2022"
Riley Williamson,3000 Meters,9:07.80,"Jan 22, 2022"
Riley Williamson,3000 Meters,9:29.56,"Jan 15, 2022"
Riley Williamson,3000 Meters,9:18.78,"Feb 27, 2021"
Riley Williamson,3000 Meters,9:15.39,"Feb 14-15, 2020"
Riley Williamson,5000 Meters,15:28.05,"Apr  7- 8, 2023"
Riley Williamson,5000 Meters,15:39.01,"Apr  9, 2022"
Riley Williamson,5000 Meters,15:58.17,"Mar 26, 2022"
Riley Williamson,3000 Steeplechase,9:35.87,"Apr 14-16, 2023"
Riley Williamson,3000 Steeplechase,9:44.80,"Apr  1, 2023"
Riley Williamson,3000 Steeplechase,9:55.16,"Apr 29-30, 2022"
Riley Williamson,3000 Steeplechase,9:51.22,"Apr 14-16, 2022"
Riley Williamson,3000 Steeplechase,9:50.51,"Apr  2, 2022"
Riley Williamson,3000 Steeplechase,10:01.48,"Apr 24, 2021"
Riley Williamson,3000 Steeplechase,10:07.12,"Apr 11, 2021"
Riley Williamson,3000 Steeplechase,9:55.75,"Apr  3, 2021"
Riley Williamson,3000 Steeplechase,10:04.52,"Mar 21, 2021"
Riley Williamson,4 x 800 Relay,8:08.79,"Dec  2- 3, 2022"
Riley Williamson,4 x 800 Relay,8:14.96,"Dec  3- 4, 2021"
Riley Williamson,Distance Medley Relay,10:52.52,"Jan 21, 2023"
Riley Williamson,5k,15:59.0,"Feb 13, 2021"
Riley Williamson,6k,19:14.6,"Sep  2, 2022"
Riley Williamson,6k,19:47.4,"Sep  3, 2021"
Riley Williamson,6k,19:41.3,"Aug 30, 2019"
Riley Williamson,6.4k,22:39.6,"Sep  7, 2019"
Riley Williamson,8k,26:16.1,"Sep 30, 2022"
Riley Williamson,8k,27:36.9,"Oct 16, 2021"
Riley Williamson,8k,26:44.9,"Oct  1, 2021"
Riley Williamson,8k,28:14.4,"Sep 18, 2021"
Riley Williamson,8k,28:38.6,"Oct 19, 2019"
Riley Williamson,8k,27:09.8,"Oct  5, 2019"
Riley Williamson,8k,27:09.6,"Sep 14, 2019"
Riley Williamson,8.05k,27:29.7,"Oct 29, 2022"
Riley Williamson,4.97 Mile,26:31.1,"Sep 16, 2022"
Riley Williamson,5.2 Mile,28:40.7,"Oct 14, 2022"
Ryan Wycherley,400 Meters,55.52,"Mar 21, 2021"
Ryan Wycherley,500 Meters,1:09.65,"Feb 11-12, 2022"
Ryan Wycherley,500 Meters,1:12.84,"Jan 25, 2020"
Ryan Wycherley,600 Meters,1:26.13,"Feb  3- 4, 2023"
Ryan Wycherley,800 Meters,1:59.95,"Feb 17, 2023"
Ryan Wycherley,800 Meters,1:59.71,"Jan 21, 2023"
Ryan Wycherley,800 Meters,2:01.91,"Jan 14, 2023"
Ryan Wycherley,800 Meters,2:01.26,"Dec  2- 3, 2022"
Ryan Wycherley,800 Meters,2:01.66,"Feb 18, 2022"
Ryan Wycherley,800 Meters,2:06.03,"Jan 22, 2022"
Ryan Wycherley,800 Meters,2:04.71,"Jan 15, 2022"
Ryan Wycherley,800 Meters,2:04.75,"Dec  3- 4, 2021"
Ryan Wycherley,800 Meters,2:09.46,"Feb 27, 2021"
Ryan Wycherley,800 Meters,2:00.63,"Feb 21, 2020"
Ryan Wycherley,800 Meters,2:00.89,"Feb  1, 2020"
Ryan Wycherley,800 Meters,2:04.01,"Jan 18, 2020"
Ryan Wycherley,800 Meters,2:03.26,"Jan 11, 2020"
Ryan Wycherley,800 Meters,2:02.11,"Dec  6- 7, 2019"
Ryan Wycherley,1000 Meters,2:37.13,"Feb 11, 2023"
Ryan Wycherley,1000 Meters,2:43.19,"Feb  7, 2020"
Ryan Wycherley,4 x 400 Relay,3:25.00,"Jan 14, 2023"
Ryan Wycherley,4 x 400 Relay,3:38.24,"Jan 15, 2022"
Ryan Wycherley,4 x 400 Relay,3:31.78,"Dec  3- 4, 2021"
Ryan Wycherley,4 x 400 Relay,3:38.22,"Jan 11, 2020"
Ryan Wycherley,4 x 800 Relay,8:04.23,"Jan 28, 2023"
Ryan Wycherley,4 x 800 Relay,8:08.79,"Dec  2- 3, 2022"
Ryan Wycherley,Distance Medley Relay,10:52.52,"Jan 21, 2023"
